
/*******************************************************************************
* generated by lcd-image-converter rev.e3ba1ed from 2025-01-31 18:27:03 +0500
* image
* filename: unsaved
* name: Jin_Bitmap
*
* preset name: 
* data block size: 8 bit(s), uint8_t
* RLE compression enabled: no
* conversion type: Monochrome, Diffuse Dither 128
* split to rows: yes
* bits per pixel: 24
*
* preprocess:
*  main scan direction: top_to_bottom
*  line scan direction: forward
*  inverse: no
*******************************************************************************/

/*
 typedef struct {
     const uint8_t *data;
     uint16_t width;
     uint16_t height;
     uint8_t dataSize;
     } tImage;
*/
#include <stdint.h>

const uint16_t Jin_image[100*150] = {
		0x85BA,0x8599,0x859A,0x859A,0x859A,0x859B,0x85BB,0x85BA,0x85BA,0x85BA,
		0x85BA,0x85BA,0x85BA,0x85BB,0x85BB,0x859A,0x859A,0x859A,0x8DBA,0xAE7C,
		0xC71E,0xC77F,0xBF7F,0xB77F,0xB77F,0xBF7F,0xBF9F,0xBF9F,0xBF9F,0xBF9F,
		0xBF9F,0xBF9F,0xBF9F,0xBF9F,0xBF9F,0xBF9F,0xBF9F,0xBF9F,0xBF9F,0xB77F,
		0xB77F,0xB77F,0xB77F,0xB75F,0xB75F,0xB77F,0xAF5F,0xB75F,0xBF5F,0xC77F,
		0xC77F,0xBF5F,0xAF5F,0xB75F,0xB77F,0xB77F,0xB79F,0xB79F,0xBF9F,0xBF9F,
		0xBF9F,0xBF9F,0xBF9F,0xBFBF,0xBF9F,0xBF9F,0xBF9F,0xBF9F,0xBF9F,0xBF9F,
		0xBF9F,0xBF9F,0xBF9F,0xBF9F,0xBF9F,0xBF9F,0xBF9F,0xBF9F,0xBF9F,0xBF9F,
		0xBF9F,0xBF9F,0xB77F,0xB77F,0xB77F,0xBF7F,0xC77F,0xC75F,0xBF5F,0xB77F,
		0xB77F,0xB77F,0xB77F,0xB77F,0xB79F,0xB79F,0xB79F,0xB77F,0xB77F,0xBF9F,
		0x85BA,0x8599,0x859A,0x859A,0x859A,0x859B,0x85BB,0x85BA,0x85BA,0x85BA,
		0x85BA,0x85BA,0x85BA,0x85BB,0x85BB,0x859A,0x859A,0x859A,0x8DBA,0xAE7C,
		0xC71E,0xC77F,0xBF7F,0xB77F,0xB77F,0xBF7F,0xBF9F,0xBF9F,0xBF9F,0xBF9F,
		0xBF9F,0xBF9F,0xBF9F,0xBF9F,0xBF9F,0xBF9F,0xBF9F,0xBF9F,0xBF9F,0xB77F,
		0xB77F,0xB77F,0xB77F,0xB75F,0xB75F,0xB77F,0xAF5F,0xB75F,0xBF5F,0xC77F,
		0xC77F,0xBF5F,0xAF5F,0xB75F,0xB77F,0xB77F,0xB79F,0xB79F,0xBF9F,0xBF9F,
		0xBF9F,0xBF9F,0xBF9F,0xBFBF,0xBF9F,0xBF9F,0xBF9F,0xBF9F,0xBF9F,0xBF9F,
		0xBF9F,0xBF9F,0xBF9F,0xBF9F,0xBF9F,0xBF9F,0xBF9F,0xBF9F,0xBF9F,0xBF9F,
		0xBF9F,0xBF9F,0xB77F,0xB77F,0xB77F,0xBF7F,0xC77F,0xC75F,0xBF5F,0xB77F,
		0xB77F,0xB77F,0xB77F,0xB77F,0xB79F,0xB79F,0xB79F,0xB77F,0xB77F,0xBF9F,
		0x85BA,0x8599,0x859A,0x859A,0x859A,0x859B,0x85BB,0x85BA,0x85BA,0x85BA,
		0x85BA,0x85BA,0x85BA,0x85BB,0x85BB,0x859A,0x859A,0x859A,0x8DBA,0xAE7C,
		0xC71E,0xC77F,0xBF7F,0xB77F,0xB77F,0xBF7F,0xBF9F,0xBF9F,0xBF9F,0xBF9F,
		0xBF9F,0xBF9F,0xBF9F,0xBF9F,0xBF9F,0xBF9F,0xBF9F,0xBF9F,0xBF9F,0xB77F,
		0xB77F,0xB77F,0xB77F,0xB75F,0xB75F,0xB77F,0xAF5F,0xB75F,0xBF5F,0xC77F,
		0xC77F,0xBF5F,0xAF5F,0xB75F,0xB77F,0xB77F,0xB79F,0xB79F,0xBF9F,0xBF9F,
		0xBF9F,0xBF9F,0xBF9F,0xBFBF,0xBF9F,0xBF9F,0xBF9F,0xBF9F,0xBF9F,0xBF9F,
		0xBF9F,0xBF9F,0xBF9F,0xBF9F,0xBF9F,0xBF9F,0xBF9F,0xBF9F,0xBF9F,0xBF9F,
		0xBF9F,0xBF9F,0xB77F,0xB77F,0xB77F,0xBF7F,0xC77F,0xC75F,0xBF5F,0xB77F,
		0xB77F,0xB77F,0xB77F,0xB77F,0xB79F,0xB79F,0xB79F,0xB77F,0xB77F,0xBF9F,
		0x85BA,0x8599,0x859A,0x859A,0x859A,0x859B,0x859B,0x85BA,0x85BA,0x85BA,
		0x85BA,0x85BA,0x85BA,0x85BB,0x85BB,0x859A,0x859A,0x859A,0x8DBA,0xAE7C,
		0xC73E,0xC77F,0xBF7F,0xBF7F,0xBF9F,0xBF9F,0xBF9F,0xBF9F,0xBF9F,0xBF9F,
		0xBF9F,0xBF9F,0xBF9F,0xBF9F,0xBF9F,0xBF9F,0xBF9F,0xBF9F,0xBF9F,0xBF9F,
		0xB77F,0xB77F,0xB77F,0xB77F,0xB75F,0xB77F,0xAF5F,0xB75F,0xBF5F,0xC77F,
		0xC77F,0xBF5F,0xB75F,0xB77F,0xB77F,0xB77F,0xB79F,0xB79F,0xBF9F,0xBF9F,
		0xBF9F,0xBF9F,0xBF9F,0xBFBF,0xBF9F,0xBF9F,0xBF9F,0xBF9F,0xBF9F,0xBF9F,
		0xBF9F,0xBF9F,0xBF9F,0xBF9F,0xBF9F,0xBF9F,0xBF9F,0xBF9F,0xBF9F,0xBF9F,
		0xBF9F,0xBF9F,0xB77F,0xB77F,0xB77F,0xBF7F,0xC77F,0xC75F,0xBF5F,0xB77F,
		0xB77F,0xB77F,0xB77F,0xB77F,0xB79F,0xB79F,0xB79F,0xB77F,0xB77F,0xBF9F,
		0x85BA,0x8599,0x859A,0x859A,0x859A,0x859B,0x859B,0x85BA,0x85BA,0x85BA,
		0x85BA,0x85BA,0x85BA,0x85BB,0x85BB,0x859A,0x859A,0x859A,0x8DBA,0xAE7C,
		0xC73F,0xC77F,0xBF7F,0xBF7F,0xBF9F,0xBF9F,0xBF9F,0xBF9F,0xBF9F,0xBF9F,
		0xBF9F,0xBF9F,0xBF9F,0xBF9F,0xBF9F,0xBF9F,0xBF9F,0xBF9F,0xBF9F,0xBF9F,
		0xB77F,0xB77F,0xB77F,0xB77F,0xB75F,0xB77F,0xAF7F,0xB75F,0xBF5F,0xC77F,
		0xC77F,0xBF5F,0xB77F,0xB77F,0xB77F,0xB77F,0xB79F,0xB79F,0xBF9F,0xBF9F,
		0xBF9F,0xBF9F,0xBF9F,0xBFBF,0xBF9F,0xBF9F,0xBF9F,0xBF9F,0xBF9F,0xBF9F,
		0xBF9F,0xBF9F,0xBF9F,0xBF9F,0xBF9F,0xBF9F,0xBF9F,0xBF9F,0xBF9F,0xBF9F,
		0xBF9F,0xBF9F,0xB77F,0xB77F,0xB77F,0xBF7F,0xC77F,0xC75F,0xBF5F,0xB77F,
		0xB77F,0xB77F,0xB77F,0xB77F,0xB79F,0xB79F,0xB79F,0xB77F,0xB77F,0xBF9F,
		0x85BA,0x8599,0x859A,0x859A,0x859A,0x859B,0x859B,0x85BA,0x85BA,0x85BA,
		0x85BA,0x85BA,0x85BA,0x85BB,0x85BB,0x859A,0x859A,0x859A,0x8DBA,0xAE7C,
		0xC73F,0xC77F,0xBF7F,0xBF7F,0xBF9F,0xBF9F,0xBF9F,0xBF9F,0xBF9F,0xBF9F,
		0xBF9F,0xBF9F,0xBF9F,0xBF9F,0xBF9F,0xBF9F,0xBF9F,0xBF9F,0xBF9F,0xBF9F,
		0xB77F,0xB77F,0xB77F,0xB77F,0xB75F,0xB77F,0xAF7F,0xB75F,0xBF5F,0xC77F,
		0xC77F,0xBF5F,0xB77F,0xB77F,0xB77F,0xB77F,0xB79F,0xB79F,0xBF9F,0xBF9F,
		0xBF9F,0xBF9F,0xBF9F,0xBFBF,0xBF9F,0xBF9F,0xBF9F,0xBF9F,0xBF9F,0xBF9F,
		0xBF9F,0xBF9F,0xBF9F,0xBF9F,0xBF9F,0xBF9F,0xBF9F,0xBF9F,0xBF9F,0xBF9F,
		0xBF9F,0xBF9F,0xB77F,0xB77F,0xB77F,0xBF7F,0xC77F,0xC75F,0xBF5F,0xB77F,
		0xB77F,0xB77F,0xB77F,0xB77F,0xB79F,0xB79F,0xB79F,0xB77F,0xB77F,0xBF9F,
		0x85BA,0x859A,0x859A,0x859A,0x859A,0x859B,0x859A,0x85BA,0x859A,0x859A,
		0x85BA,0x859A,0x85BA,0x85BB,0x85BB,0x859A,0x859A,0x859A,0x8DBA,0xAE7C,
		0xC73E,0xC77F,0xBF7F,0xBF7F,0xBF9F,0xBF9F,0xBF9F,0xBF9F,0xBF9F,0xBF9F,
		0xBF9F,0xBF9F,0xBF9F,0xBF9F,0xBF9F,0xBF9F,0xBF9F,0xBF9F,0xBF9F,0xB79F,
		0xB79F,0xB77F,0xB77F,0xB75F,0xB75F,0xB77F,0xAF7F,0xB75F,0xB77F,0xC77F,
		0xC77F,0xBF5F,0xB77F,0xB77F,0xB77F,0xB77F,0xB77F,0xB79F,0xBF9F,0xBF9F,
		0xBF9F,0xBF9F,0xBF9F,0xBF9F,0xBF9F,0xBF9F,0xBF9F,0xBF9F,0xBF9F,0xBF9F,
		0xBF9F,0xBF9F,0xBF9F,0xBF9F,0xBF9F,0xBF9F,0xBF9F,0xBF9F,0xBF9F,0xBF9F,
		0xBF9F,0xBF9F,0xB77F,0xB77F,0xB77F,0xBF7F,0xC77F,0xC75F,0xBF5F,0xB77F,
		0xB77F,0xB77F,0xB79F,0xB79F,0xB79F,0xB79F,0xB79F,0xB77F,0xBF9F,0xBF9F,
		0x85BA,0x85BA,0x85BA,0x859A,0x859A,0x859B,0x859A,0x859A,0x859A,0x859A,
		0x859A,0x859A,0x859A,0x85BA,0x85BA,0x859A,0x859A,0x859A,0x8DBA,0xAE7C,
		0xC71E,0xC77F,0xBF7F,0xBF7F,0xBF9F,0xBF9F,0xBF9F,0xBF9F,0xBF9F,0xBF9F,
		0xBF9F,0xBF9F,0xBF9F,0xBF9F,0xBF9F,0xBF9F,0xBF9F,0xBF9F,0xBF9F,0xB79F,
		0xB77F,0xB77F,0xB75F,0xB75F,0xB75F,0xAF5F,0xAF5F,0xB75F,0xBF5F,0xC77F,
		0xC77F,0xBF5F,0xB75F,0xB77F,0xB77F,0xB77F,0xB77F,0xB77F,0xB79F,0xBF9F,
		0xBF9F,0xBF9F,0xBF9F,0xBF9F,0xBF9F,0xBF9F,0xBF9F,0xBF9F,0xBF9F,0xBF9F,
		0xBF9F,0xBF9F,0xBF9F,0xBF9F,0xBF9F,0xBF9F,0xBF9F,0xBF9F,0xBF9F,0xBF9F,
		0xBF9F,0xBF9F,0xB77F,0xB77F,0xB77F,0xC77F,0xC77F,0xC75F,0xBF5F,0xB77F,
		0xB77F,0xB77F,0xB79F,0xB79F,0xB79F,0xB79F,0xB79F,0xBF9F,0xBF9F,0xBF9F,
		0x85BA,0x85BA,0x85BA,0x859A,0x859A,0x859B,0x859A,0x859A,0x859A,0x859A,
		0x859A,0x859A,0x859A,0x85BA,0x85BA,0x859A,0x859A,0x859A,0x8DBA,0xAE7C,
		0xC71E,0xC77F,0xBF7F,0xBF7F,0xBF9F,0xBF9F,0xBF9F,0xBF9F,0xBF9F,0xBF9F,
		0xBF9F,0xBF9F,0xBF9F,0xBF9F,0xBF9F,0xBF9F,0xBF9F,0xBF9F,0xBF9F,0xB77F,
		0xB77F,0xB77F,0xAF5F,0xAF5F,0xAF5F,0xAF5F,0xAF3F,0xB73F,0xBF5F,0xC75F,
		0xCF5F,0xBF3F,0xB75E,0xB75E,0xB77E,0xB77F,0xB77F,0xB79F,0xB79F,0xB79F,
		0xBF9F,0xBF9F,0xBF9F,0xBF7F,0xBF9F,0xBF9F,0xBF9F,0xBF9F,0xBF9F,0xBF9F,
		0xBF9F,0xBF9F,0xBF9F,0xBF9F,0xBF9F,0xBF9F,0xBF9F,0xBF9F,0xBF9F,0xBF9F,
		0xBF9F,0xBF9F,0xB77F,0xB77F,0xB77F,0xC77F,0xC77F,0xC75F,0xBF5F,0xB77F,
		0xB77F,0xB77F,0xB79F,0xB79F,0xB79F,0xB79F,0xB79F,0xBF9F,0xBF9F,0xBF9F,
		0x85BA,0x85BA,0x85BA,0x859A,0x859A,0x859B,0x859A,0x859A,0x859A,0x859A,
		0x859A,0x859A,0x859A,0x85BA,0x85BA,0x859A,0x859A,0x859A,0x8DBA,0xAE7C,
		0xC71E,0xC77F,0xBF7F,0xBF7F,0xBF9F,0xBF9F,0xBF9F,0xBF9F,0xBF9F,0xBF9F,
		0xBF9F,0xBF9F,0xBF9F,0xBF9F,0xBF9F,0xBF9F,0xBF9F,0xBF9F,0xBF7F,0xB77F,
		0xB75F,0xAF5F,0xAF5F,0xA75F,0xA73F,0xA73F,0xA73F,0xAF1E,0xBF5F,0xC77F,
		0xC75F,0xBF5F,0xAF5F,0xAF7F,0xAF7F,0xAF7F,0xB79F,0xB79F,0xB79F,0xB7BF,
		0xB7BF,0xBF9F,0xBF9F,0xBF7F,0xBF9F,0xBF9F,0xBF9F,0xBF9F,0xBF9F,0xBF9F,
		0xBF9F,0xBF9F,0xBF9F,0xBF9F,0xBF9F,0xBF9F,0xBF9F,0xBF9F,0xBF9F,0xBF9F,
		0xBF9F,0xBF9F,0xB77F,0xB77F,0xB77F,0xC77F,0xC77F,0xC75F,0xBF5F,0xB77F,
		0xB77F,0xB77F,0xB79F,0xB79F,0xB79F,0xB79F,0xB79F,0xBF9F,0xBF9F,0xBF9F,
		0x85BA,0x85BA,0x85BA,0x859A,0x859B,0x85BB,0x85BA,0x85BA,0x85BA,0x85BA,
		0x85BA,0x85BA,0x85BA,0x85BA,0x85BA,0x859A,0x859A,0x85BA,0x8DDA,0xAE7C,
		0xC71E,0xC77F,0xBF7F,0xBF7F,0xBF9F,0xBF9F,0xBF9F,0xBF9F,0xBF9F,0xBF9F,
		0xBF9F,0xBF9F,0xBF9F,0xBF9F,0xBF9F,0xBF9F,0xBF9F,0xBF7F,0xB77F,0xB77F,
		0xB75F,0xAF5F,0xAF5F,0xAF3F,0xAF3F,0xAF5F,0xAF3F,0xA6DD,0xA6DD,0xBF7F,
		0xBF5F,0xB73F,0xAF5F,0xAF5F,0xAF7F,0xAF7F,0xB77F,0xB79F,0xB77F,0xB79F,
		0xB79F,0xBF9F,0xBF9F,0xBF9F,0xBF9F,0xBF9F,0xBF9F,0xBF9F,0xBF9F,0xBF9F,
		0xBF9F,0xBF9F,0xBF9F,0xBF9F,0xBF9F,0xBF9F,0xBF9F,0xBF9F,0xBF9F,0xBF9F,
		0xBF9F,0xBF9F,0xBF9F,0xB77F,0xB77F,0xC77F,0xC77F,0xC77F,0xBF7F,0xB79F,
		0xB79F,0xB79F,0xB79F,0xB79F,0xB79F,0xB79F,0xB79F,0xBF9F,0xBF9F,0xBF9F,
		0x85BA,0x85BA,0x85BA,0x859A,0x859B,0x85BB,0x85BA,0x85BA,0x85BA,0x85BA,
		0x85BA,0x85BA,0x85BA,0x85BA,0x85BA,0x859A,0x859A,0x85BA,0x8DDA,0xAE7C,
		0xC71E,0xC77F,0xBF7F,0xBF7F,0xBF9F,0xBF9F,0xBF9F,0xBF9F,0xBF9F,0xBF9F,
		0xBF9F,0xBF9F,0xBF9F,0xBF9F,0xBF9F,0xBF9F,0xBF9F,0xBF7F,0xBF7F,0xB77F,
		0xB75F,0xB75F,0xB73F,0xAEBD,0x9E1A,0x8598,0x8598,0x95FA,0x9E5B,0xB6FD,
		0xC75F,0xB6DD,0x9E3A,0x8DB8,0x8DB8,0x95F9,0xAE9C,0xB6FD,0xBF5F,0xBF7F,
		0xB77F,0xB77F,0xB77F,0xB79F,0xBF9F,0xBF9F,0xBF9F,0xBF9F,0xBF9F,0xBF9F,
		0xBF9F,0xBF9F,0xBF9F,0xBF9F,0xBF9F,0xBF9F,0xBF9F,0xBF9F,0xBF9F,0xBF9F,
		0xBF9F,0xBF9F,0xBF9F,0xB77F,0xB77F,0xC77F,0xC77F,0xC77F,0xBF7F,0xB79F,
		0xB79F,0xB79F,0xB79F,0xB79F,0xB79F,0xB79F,0xB79F,0xBF9F,0xBF9F,0xBF9F,
		0x85BA,0x85BA,0x85BA,0x859A,0x859B,0x85BB,0x85BA,0x85BA,0x85BA,0x85BA,
		0x85BA,0x85BA,0x85BA,0x85BA,0x85BA,0x859A,0x859A,0x85BA,0x8DDA,0xAE7C,
		0xC71E,0xC77F,0xBF7F,0xBF7F,0xBF9F,0xBF9F,0xBF9F,0xBF9F,0xBF9F,0xBF9F,
		0xBF9F,0xBF9F,0xBF9F,0xBF9F,0xBF9F,0xBF9F,0xBF9F,0xBF7F,0xB77F,0xAF7F,
		0xBF7F,0xB6FD,0x8D78,0x6C32,0x536F,0x4AEE,0x4ACE,0x5B70,0x7C94,0x9D98,
		0x8D56,0x63D0,0x5B6E,0x530D,0x4AEC,0x428B,0x428B,0x52ED,0x5390,0x7D36,
		0xB6FD,0xBF5F,0xB77F,0xB79F,0xB79F,0xBF9F,0xBF9F,0xBF9F,0xBF9F,0xBF9F,
		0xBF9F,0xBF9F,0xBF9F,0xBF9F,0xBF9F,0xBF9F,0xBF9F,0xBF9F,0xBF9F,0xBF9F,
		0xBF9F,0xBF9F,0xBF9F,0xB77F,0xB77F,0xC77F,0xC77F,0xC77F,0xBF7F,0xB79F,
		0xB79F,0xB79F,0xB79F,0xB79F,0xB79F,0xB79F,0xB79F,0xBF9F,0xBF9F,0xBF9F,
		0x85B9,0x8599,0x859A,0x8D9A,0x8D9A,0x8D9A,0x85BA,0x85BA,0x85BA,0x85BA,
		0x85BA,0x85BA,0x85BA,0x85BA,0x85BA,0x859A,0x859A,0x8599,0x8DB9,0xAE7C,
		0xC71E,0xC77F,0xBF7F,0xBF7F,0xBF9F,0xBF9F,0xBF9F,0xBF9F,0xBF9F,0xBF9F,
		0xBF9F,0xBF9F,0xBF9F,0xC79F,0xBF7F,0xBF7F,0xBF7F,0xBF9F,0xB79F,0xBF7F,
		0xB6BC,0x8494,0x5B0D,0x4A6B,0x4229,0x39E8,0x3A09,0x4229,0x4A6A,0x52AB,
		0x52AB,0x52CC,0x6B8F,0x6B8F,0x5B0D,0x4A8B,0x4229,0x31C8,0x29A7,0x31C8,
		0x4AAC,0x7C94,0xB6FD,0xBFBF,0xB79F,0xB79F,0xBF9F,0xBF7F,0xBF7F,0xBF9F,
		0xBF9F,0xBF9F,0xBF9F,0xBF9F,0xBF9F,0xBF9F,0xBF9F,0xBF9F,0xBF9F,0xBF9F,
		0xBF9F,0xBF9F,0xBF9F,0xB77F,0xBF7F,0xBF7F,0xC77F,0xBF5F,0xBF5F,0xB77F,
		0xB79F,0xB79F,0xB79F,0xB79F,0xB77F,0xB79F,0xB79F,0xB79F,0xBF9F,0xB79F,
		0x8599,0x8599,0x8599,0x859A,0x859A,0x859A,0x859A,0x85BA,0x85BA,0x85BA,
		0x85BA,0x85BA,0x85BA,0x85BA,0x85BA,0x859A,0x859A,0x8579,0x8DB9,0xAE7C,
		0xC71E,0xC77F,0xBF7F,0xBF7F,0xBF9F,0xBF9F,0xBF9F,0xBF9F,0xBF9F,0xBF9F,
		0xBF9F,0xBF9F,0xBF9F,0xBF9F,0xBF7F,0xBF7F,0xBF7F,0xBF7F,0xBF7F,0x9E39,
		0x63F1,0x5AED,0x528B,0x4A49,0x4229,0x4A49,0x4208,0x39E8,0x39E8,0x4208,
		0x39E8,0x4209,0x5B0D,0x6B4E,0x52CC,0x4229,0x31C8,0x3187,0x31A7,0x31C7,
		0x3188,0x31E9,0x42CD,0x8576,0xBF5E,0xC79F,0xBF7F,0xBF9F,0xB79F,0xB79F,
		0xBF9F,0xBF9F,0xBF9F,0xBF9F,0xBF9F,0xBF9F,0xBF9F,0xBF9F,0xBF9F,0xBF9F,
		0xBF9F,0xBF9F,0xBF9F,0xB77F,0xBF7F,0xBF7F,0xC77F,0xBF5F,0xBF5F,0xB77F,
		0xB79F,0xB79F,0xB79F,0xB79F,0xB77F,0xB79F,0xB79F,0xB79F,0xB79F,0xB79F,
		0x8599,0x8579,0x8599,0x859A,0x859A,0x859A,0x859A,0x859A,0x859A,0x859A,
		0x859A,0x859A,0x859A,0x85BA,0x85BA,0x859A,0x859A,0x8579,0x8DB9,0xAE7C,
		0xC71E,0xC77F,0xBF7F,0xBF7F,0xBF9F,0xBF9F,0xBF9F,0xBF9F,0xBF9F,0xBF9F,
		0xBF9F,0xBF9F,0xBF9F,0xBF9F,0xBF9F,0xBF7F,0xBF7F,0xC77F,0x9E19,0x63AF,
		0x5B0C,0x5AAB,0x526A,0x5269,0x528A,0x4A49,0x4209,0x39E8,0x39C8,0x4209,
		0x4229,0x4A8A,0x5AED,0x5B0D,0x52AB,0x4229,0x31C8,0x31C8,0x31A7,0x2967,
		0x2967,0x3187,0x29A8,0x21E8,0x536E,0xAE5A,0xC7BF,0xB79F,0xB7BF,0xB7BF,
		0xB79F,0xBF9F,0xBF9F,0xBF9F,0xBF9F,0xBF9F,0xBF9F,0xBF9F,0xBF9F,0xBF9F,
		0xBF9F,0xBF9F,0xBF9F,0xB77F,0xBF7F,0xBF7F,0xC77F,0xBF5F,0xBF5F,0xB77F,
		0xB79F,0xB79F,0xB79F,0xB79F,0xB77F,0xB79F,0xB79F,0xB79F,0xB79F,0xB79F,
		0x8599,0x8579,0x8579,0x8579,0x859A,0x859A,0x859A,0x859A,0x859A,0x859A,
		0x859A,0x859A,0x859A,0x85B9,0x859A,0x859A,0x859A,0x8579,0x8DB9,0xAE7C,
		0xC71E,0xC77F,0xBF7F,0xBF9F,0xBF9F,0xBF9F,0xBF9F,0xBF9F,0xBF9F,0xBF9F,
		0xBF9F,0xBF9F,0xBF9F,0xB79F,0xBF9F,0xBF5F,0xC77F,0xA639,0x63CF,0x62EC,
		0x5ACB,0x5A6A,0x5A8A,0x5AAA,0x4A69,0x4A29,0x41E8,0x39C8,0x31A7,0x39C7,
		0x4208,0x52AB,0x630D,0x5AEC,0x4A8B,0x4229,0x3187,0x3187,0x2966,0x2966,
		0x3167,0x3166,0x2966,0x31A7,0x2987,0x3A2A,0x8515,0xBF9E,0xB7BF,0xB7BF,
		0xB79F,0xBF9F,0xBF9F,0xBF9F,0xBF9F,0xBF9F,0xBF9F,0xBF9F,0xBF9F,0xBF9F,
		0xBF9F,0xBF9F,0xBF9F,0xB77F,0xBF7F,0xBF7F,0xC77F,0xBF5F,0xBF5F,0xB77F,
		0xB79F,0xB79F,0xB79F,0xB79F,0xB79F,0xB79F,0xB79F,0xB79F,0xB79F,0xB79F,
		0x8599,0x8579,0x8579,0x8579,0x857A,0x859A,0x859A,0x8599,0x8599,0x859A,
		0x859A,0x859A,0x859A,0x8599,0x859A,0x857A,0x859A,0x8579,0x8DB9,0xAE7C,
		0xC71E,0xC77F,0xBF7F,0xBF9F,0xBF9F,0xBF9F,0xBF9F,0xBF9F,0xBF9F,0xBF9F,
		0xBF9F,0xBF9F,0xBF9F,0xBF9F,0xBF7F,0xC77F,0xAE5A,0x63B0,0x5AEC,0x5ACB,
		0x528A,0x5A8A,0x5ACB,0x528A,0x4A49,0x4A29,0x39E8,0x39C7,0x3166,0x3166,
		0x39C7,0x4A6A,0x52CC,0x5AEC,0x4A8B,0x39E8,0x31A8,0x31C8,0x2987,0x2966,
		0x2125,0x2125,0x2946,0x2966,0x3186,0x31C8,0x29E8,0x6C52,0xBF3D,0xBF9F,
		0xBF9F,0xBF9F,0xBF9F,0xBF9F,0xBF9F,0xBF9F,0xBF9F,0xBF9F,0xBF9F,0xBF9F,
		0xBF9F,0xBF9F,0xBF9F,0xB77F,0xBF5F,0xBF7F,0xC77F,0xBF5F,0xBF5F,0xB77F,
		0xB79F,0xB79F,0xB79F,0xB79F,0xB79F,0xB79F,0xB79F,0xB79F,0xB79F,0xB79F,
		0x8578,0x8578,0x8579,0x8579,0x857A,0x857A,0x859A,0x8599,0x8599,0x8599,
		0x8599,0x8599,0x8599,0x7D99,0x8579,0x857A,0x857A,0x8579,0x8D99,0xAE7C,
		0xC71E,0xC77F,0xBF7F,0xBF9F,0xBF9F,0xBF9F,0xBF9F,0xBF9F,0xBF9F,0xBF9F,
		0xBF9F,0xBF9F,0xBF9F,0xBF7F,0xBF9F,0xB6DD,0x7412,0x630D,0x5AAB,0x5AAB,
		0x5ACB,0x632D,0x52AB,0x526A,0x4A6A,0x4A4A,0x39E8,0x31A7,0x2966,0x2966,
		0x3186,0x4229,0x52AB,0x52AC,0x52CC,0x4A6A,0x422A,0x31A8,0x2966,0x2146,
		0x2126,0x2125,0x2126,0x2146,0x2166,0x29A6,0x3187,0x31A8,0x5B6F,0xB6DD,
		0xBF9F,0xB77F,0xB77F,0xBF9F,0xBF9F,0xBF9F,0xBF9F,0xBF9F,0xBF9F,0xBF9F,
		0xBF9F,0xBF9F,0xBF9F,0xB77F,0xBF5F,0xBF7F,0xC77F,0xBF5F,0xBF5F,0xB77F,
		0xB79F,0xB79F,0xB79F,0xB79F,0xB79F,0xB79F,0xB79F,0xB79F,0xB79F,0xB79F,
		0x8579,0x7D79,0x7D79,0x8579,0x8579,0x8579,0x8579,0x8599,0x8599,0x8599,
		0x8599,0x8599,0x8599,0x7D79,0x7D79,0x857A,0x8579,0x8579,0x8D99,0xAE7C,
		0xC73E,0xC77F,0xBF7F,0xBF7F,0xBF9F,0xBF9F,0xBF9F,0xBF9F,0xBF9F,0xBF9F,
		0xBF9F,0xBF9F,0xBF9F,0xBF7F,0xC75E,0x84D5,0x5B2E,0x62EC,0x62CC,0x5AAB,
		0x632D,0x5ACC,0x528B,0x526B,0x4A4A,0x4A49,0x41E8,0x31A7,0x3166,0x2946,
		0x2946,0x41E8,0x52AB,0x52AB,0x52AB,0x4A6A,0x3A09,0x2966,0x2966,0x2946,
		0x2146,0x2146,0x2146,0x2126,0x2145,0x2966,0x3167,0x3988,0x2988,0x4B0E,
		0xB6DC,0xBF9F,0xB77F,0xBF7F,0xBF9F,0xBF9F,0xBF9F,0xBF9F,0xBF9F,0xBF9F,
		0xBF9F,0xBF9F,0xBF7F,0xBF7F,0xB77F,0xBF7F,0xC75F,0xBF5F,0xBF5F,0xB77F,
		0xB77F,0xB77F,0xB79F,0xB79F,0xB79F,0xB79F,0xB79F,0xB79F,0xB79F,0xB79F,
		0x8599,0x7D79,0x7D79,0x7D79,0x8579,0x8599,0x8599,0x8599,0x8599,0x8599,
		0x8599,0x8599,0x8599,0x7D7A,0x7D7A,0x8579,0x8579,0x8579,0x8D99,0xAE7C,
		0xC73E,0xC77F,0xBF7F,0xBF7F,0xBF9F,0xBF9F,0xBF9F,0xBF9F,0xC77F,0xC77F,
		0xBF9F,0xB79F,0xB79F,0xC79E,0x9DB8,0x6B8F,0x630D,0x632D,0x52CB,0x630D,
		0x62EC,0x528A,0x528A,0x526A,0x526A,0x4A4A,0x39E8,0x3187,0x2125,0x2925,
		0x3166,0x39C8,0x526A,0x4A6A,0x4A6A,0x528B,0x39E8,0x2987,0x2966,0x2945,
		0x2145,0x2145,0x2145,0x2145,0x2146,0x2146,0x2946,0x2966,0x31A8,0x29A7,
		0x5B4E,0xB71D,0xB77F,0xBF7F,0xBF7F,0xB79F,0xB7BF,0xB79F,0xBF7F,0xBF9F,
		0xBF7F,0xBF9F,0xB77F,0xB77F,0xB77F,0xBF5F,0xBF3F,0xBF3F,0xB73F,0xAF5F,
		0xAF7F,0xAF7F,0xB77F,0xB77F,0xB77F,0xB77F,0xB77F,0xB77F,0xB77F,0xB77F,
		0x8599,0x7D79,0x7D79,0x7D79,0x8579,0x8599,0x8599,0x8599,0x8599,0x8599,
		0x8599,0x8599,0x8599,0x7D7A,0x7D7A,0x8579,0x8579,0x8579,0x8D99,0xAE7C,
		0xC73E,0xC77F,0xBF7F,0xBF7F,0xBF9F,0xBF9F,0xBF9F,0xBF9F,0xBF9F,0xBF7F,
		0xBF9F,0xBF9F,0xC7BF,0xAE7A,0x6BF1,0x632E,0x630D,0x5ACC,0x62EC,0x6B2D,
		0x528B,0x5AAB,0x528B,0x526A,0x5ACB,0x4A29,0x39C7,0x2966,0x2966,0x2966,
		0x3186,0x3187,0x4208,0x4A49,0x4A4A,0x4A6A,0x39E8,0x2987,0x2966,0x2145,
		0x2145,0x2125,0x2125,0x2145,0x2146,0x2146,0x2146,0x2146,0x2967,0x31C8,
		0x29C8,0x6C52,0xC77F,0xB75F,0xB79F,0xB79F,0xB79F,0xB77F,0xB77F,0xB77F,
		0xB77F,0xAF7F,0xAF5F,0xAF5F,0xAF5E,0xB75F,0xBF5F,0xBF3E,0xB73E,0xAF5E,
		0xAF5E,0xAF5E,0xAF5E,0xAF7F,0xAF5E,0xAF5E,0xB75E,0xB75F,0xB75F,0xB75F,
		0x8599,0x7D79,0x7D79,0x7D79,0x8579,0x8599,0x8599,0x8599,0x8599,0x8599,
		0x8599,0x8599,0x8599,0x7D7A,0x7D7A,0x8579,0x8579,0x8579,0x8D99,0xAE7C,
		0xC73E,0xC77F,0xBF7F,0xBF7F,0xBF9F,0xBF9F,0xBF9F,0xBF9F,0xBF9F,0xBF9F,
		0xBF7F,0xBF9F,0xC73E,0x84B4,0x636F,0x630D,0x62ED,0x62CC,0x6B4E,0x62EC,
		0x5AAB,0x5AAB,0x526A,0x630D,0x528B,0x4208,0x3187,0x31A7,0x3187,0x2966,
		0x2966,0x31A7,0x4208,0x4A6A,0x528A,0x4229,0x39C8,0x31A7,0x2966,0x2145,
		0x2145,0x2125,0x2125,0x2125,0x2145,0x2146,0x2966,0x2966,0x2967,0x2987,
		0x31A8,0x31E9,0x9DD8,0xB77F,0xAF7F,0xB77F,0xBF5F,0xBF3F,0xBF5E,0xBF5E,
		0xBF5F,0xBF5F,0xBF5F,0xBF3E,0xBF5D,0xC75E,0xCF5E,0xCF5E,0xC75E,0xC77E,
		0xC77E,0xC77E,0xC77E,0xC77F,0xC79F,0xC79F,0xCF9F,0xCF7F,0xCF7F,0xCF7F,
		0x8599,0x8579,0x8599,0x8599,0x8599,0x8599,0x8599,0x8599,0x8599,0x8599,
		0x8599,0x8599,0x8599,0x7D7A,0x7D7A,0x8579,0x8579,0x8558,0x8D99,0xAE7C,
		0xC73E,0xC77F,0xBF7F,0xB77F,0xBF9F,0xBF9F,0xBF9F,0xBF9F,0xB79F,0xBF9F,
		0xBF7F,0xC79F,0xADF9,0x73F0,0x6B4E,0x6B0D,0x6AED,0x6B2E,0x62ED,0x5ACC,
		0x5ACC,0x524A,0x5AAB,0x62EC,0x526A,0x39E8,0x41E8,0x39C8,0x2966,0x2945,
		0x2966,0x3166,0x39A7,0x4A29,0x4A6A,0x4229,0x39C8,0x31A7,0x2986,0x2145,
		0x2125,0x2125,0x2125,0x2125,0x2125,0x2105,0x2146,0x2966,0x2966,0x2967,
		0x3187,0x3187,0x42CC,0xAE9B,0xBF7F,0xC77F,0xCF7F,0xD75F,0xD77F,0xDF7F,
		0xDF9F,0xDF9F,0xDF9F,0xDF9F,0xE79F,0xE7BF,0xEFBF,0xEF9F,0xE7BF,0xE7BF,
		0xE7BF,0xEFBF,0xEFBF,0xEFBF,0xEFBF,0xEFBF,0xEFBF,0xEFBF,0xEFBF,0xEFBF,
		0x8599,0x7D79,0x8599,0x8599,0x8579,0x8579,0x8579,0x8579,0x8579,0x8579,
		0x8579,0x8579,0x8579,0x7D79,0x7D79,0x8579,0x8579,0x8558,0x8D99,0xAE7C,
		0xC73E,0xC75F,0xBF5F,0xB77F,0xBF7F,0xBF9F,0xBF9F,0xB79F,0xB79F,0xB79F,
		0xBF7F,0xBF1E,0x8472,0x6B6E,0x630D,0x62ED,0x6B0D,0x736E,0x62EC,0x62CC,
		0x5AAB,0x526A,0x62EC,0x5AAB,0x4A29,0x4209,0x4229,0x3186,0x2946,0x2945,
		0x2946,0x3166,0x3186,0x39E8,0x4A49,0x4209,0x39C8,0x31C8,0x2987,0x2966,
		0x2145,0x2125,0x2125,0x2125,0x2125,0x2125,0x2125,0x2125,0x2146,0x2946,
		0x2966,0x31A7,0x31A7,0x8493,0xE7BF,0xE7BF,0xEFDF,0xEFBF,0xF7BF,0xF7BF,
		0xF7DF,0xF7DF,0xF7DF,0xF7DF,0xFFFF,0xFFFF,0xFFFF,0xFFFF,0xFFDF,0xFFDF,
		0xFFFF,0xFFFF,0xFFFF,0xFFFF,0xFFFF,0xFFFF,0xFFFF,0xFFFF,0xFFFF,0xFFFF,
		0x7D79,0x7D79,0x7D79,0x7D79,0x7D79,0x7D79,0x7D79,0x7D79,0x7D79,0x7D79,
		0x7D79,0x7D79,0x7D79,0x7D79,0x7D79,0x7D59,0x8579,0x8558,0x8D99,0xAE7C,
		0xC73E,0xBF5F,0xB73F,0xB75F,0xB75F,0xB77F,0xB77F,0xAF7F,0xAF9F,0xB77F,
		0xBF5F,0x9DD9,0x73D0,0x632D,0x632D,0x62EC,0x736E,0x632D,0x62ED,0x62EC,
		0x5AAB,0x62EC,0x62EC,0x5AAB,0x4A49,0x4A4A,0x39A7,0x2966,0x2966,0x3186,
		0x3186,0x2966,0x3166,0x39E8,0x4229,0x39E8,0x31C8,0x31C8,0x2987,0x2966,
		0x2145,0x2125,0x2125,0x2125,0x2125,0x2126,0x2125,0x2125,0x2126,0x2946,
		0x2966,0x3186,0x31A7,0x528B,0xE71D,0xFFDF,0xF7FF,0xF7FF,0xFFFF,0xFFFF,
		0xFFFF,0xFFFF,0xFFFF,0xFFFF,0xFFFF,0xFFFF,0xFFFF,0xFFFF,0xFFFF,0xFFFF,
		0xFFFF,0xFFFF,0xFFFF,0xFFFF,0xFFFF,0xFFFF,0xFFFF,0xF7FF,0xF7FF,0xF7FF,
		0x7D79,0x7D79,0x7D79,0x7D79,0x7D79,0x7D79,0x8579,0x8579,0x8579,0x7D59,
		0x7D59,0x7D59,0x7D59,0x757A,0x7D7A,0x7D7A,0x7D79,0x8558,0x8D99,0xAE5B,
		0xC6FE,0xBF1F,0xAF1E,0xAF1F,0xAF3F,0xAF3F,0xAF3F,0xA73F,0xAF5E,0xAF3D,
		0xB6BC,0x7CB3,0x6B6E,0x630C,0x62EC,0x6B2D,0x6B4E,0x5ACC,0x5ACC,0x5AEC,
		0x528B,0x630C,0x630D,0x4A6A,0x526A,0x4229,0x2986,0x2966,0x3187,0x3187,
		0x2125,0x2925,0x3166,0x4A08,0x4A29,0x41E8,0x4209,0x39C8,0x31A7,0x2966,
		0x2146,0x2146,0x2145,0x2925,0x2125,0x2125,0x2125,0x2145,0x2146,0x2126,
		0x2946,0x3186,0x3187,0x3187,0xA515,0xFFFF,0xEFDF,0xF7FF,0xF7FF,0xF7FF,
		0xF7FF,0xF7FF,0xF7FF,0xF7FF,0xEFFF,0xEFFF,0xEFFF,0xEFFF,0xEFFF,0xF7FF,
		0xF7FF,0xF7FF,0xF7FF,0xF7FF,0xEFFF,0xF7FF,0xEFFF,0xEFFF,0xEFFF,0xEFFF,
		0x7D79,0x7D79,0x7D79,0x7D79,0x7D79,0x7D79,0x7D79,0x7D79,0x7D79,0x7D79,
		0x7D59,0x7D59,0x7D59,0x7D59,0x7D59,0x8558,0x8558,0x8D57,0x9598,0xB63A,
		0xC6DD,0xC6FD,0xB6FD,0xB6FE,0xB71E,0xB71E,0xBEFE,0xBF1E,0xBF3E,0xC73D,
		0xA597,0x73D0,0x6B2D,0x6B0D,0x5ACC,0x7B8F,0x62EC,0x5ACC,0x62EC,0x5ACB,
		0x52AB,0x632D,0x5ACC,0x4A6A,0x4A6A,0x31C7,0x2986,0x39C8,0x39C8,0x2946,
		0x2946,0x3166,0x3986,0x4A08,0x5249,0x49E8,0x41E8,0x41E8,0x3187,0x2966,
		0x2146,0x2966,0x2945,0x2125,0x2104,0x2124,0x2125,0x2125,0x2146,0x2126,
		0x2126,0x3187,0x31A7,0x31A7,0x5AEC,0xDF5D,0xE7DF,0xE7DF,0xEFFF,0xEFFF,
		0xEFFF,0xEFFF,0xEFFF,0xEFFF,0xE7DF,0xE7DF,0xE7DF,0xE7DF,0xE7FF,0xE7FF,
		0xE7FF,0xEFFF,0xEFFF,0xE7FF,0xE7FF,0xE7FF,0xE7FF,0xE7FF,0xE7FF,0xE7FF,
		0x8558,0x8558,0x7D58,0x7D58,0x7D58,0x7D58,0x7D58,0x7578,0x7D78,0x8578,
		0x8558,0x8578,0x8D78,0x9578,0x9D98,0x9DB8,0xA5F9,0xADF9,0xB639,0xCEDB,
		0xDF5D,0xDF7E,0xDF7E,0xDF7F,0xDF7F,0xE77F,0xE77F,0xE79F,0xEFBF,0xDF3D,
		0x9493,0x838F,0x6B0D,0x6B2D,0x6B2D,0x736E,0x5ACC,0x5ACB,0x62EC,0x5ACC,
		0x630D,0x630C,0x526A,0x5ACC,0x4209,0x31A7,0x39E8,0x4208,0x39A7,0x3146,
		0x3166,0x3986,0x49C7,0x5A49,0x626A,0x5A29,0x49E8,0x41C7,0x31A7,0x2986,
		0x2986,0x2145,0x2125,0x2125,0x2125,0x2125,0x2145,0x2145,0x2146,0x2146,
		0x2946,0x2966,0x39E8,0x31C8,0x29C7,0x9D96,0xDFBF,0xDFDF,0xDFDF,0xE7FF,
		0xE7FF,0xE7FF,0xE7FF,0xE7FF,0xDFDF,0xDFDF,0xDFDF,0xDFDF,0xE7FF,0xE7FF,
		0xE7FF,0xE7FF,0xE7FF,0xE7FF,0xE7FF,0xE7FF,0xE7FF,0xE7FF,0xE7FF,0xE7FF,
		0x8557,0x8557,0x8D57,0x8D57,0x8D58,0x8D78,0x8D98,0x95B8,0x9DD9,0xA5F9,
		0xAE1A,0xB63B,0xBE5B,0xC69A,0xCEBB,0xCEDB,0xD6FC,0xD6FC,0xDF1C,0xEF7D,
		0xF7DF,0xF7FF,0xF7FF,0xF7DF,0xF7DF,0xFFDF,0xF7DF,0xF7DF,0xFFFF,0xCE9A,
		0x83F0,0x7B4E,0x6B0D,0x5ACC,0x7BAF,0x6B2D,0x5AAB,0x62EC,0x62EC,0x5AEC,
		0x6B4D,0x52AB,0x52AB,0x5AEC,0x39E8,0x41E8,0x526A,0x4208,0x3986,0x3945,
		0x4166,0x5207,0x6248,0x6AAA,0x72AA,0x6249,0x5208,0x49E7,0x39A6,0x3185,
		0x2945,0x2924,0x2945,0x2145,0x2125,0x2124,0x2125,0x2125,0x2125,0x2146,
		0x2967,0x3166,0x3187,0x39E8,0x29A7,0x536E,0xCF9E,0xD7DF,0xDFFF,0xDFFF,
		0xDFFF,0xDFFF,0xDFFF,0xDFFF,0xDFFF,0xDFFF,0xDFDF,0xDFFF,0xDFFF,0xDFFF,
		0xDFFF,0xDFFF,0xDFFF,0xDFFF,0xDFFF,0xDFFF,0xDFFF,0xE7FF,0xE7FF,0xE7FF,
		0xA5D8,0xA5D9,0xADF9,0xB63A,0xB65A,0xBE7B,0xC69B,0xC6BB,0xD6DC,0xD6FD,
		0xDEFD,0xE71D,0xE71D,0xE75D,0xE75D,0xE77D,0xE75D,0xE75D,0xE75D,0xEF9E,
		0xF7DF,0xF7FF,0xF7FF,0xF7FF,0xF7FF,0xF7FF,0xEFFE,0xEFFE,0xEFDE,0xA555,
		0x7BF0,0x6B2D,0x6B2D,0x6B4D,0x7BAF,0x5ACC,0x5AAB,0x5ACC,0x62EC,0x62EC,
		0x632D,0x52AB,0x5AEC,0x4A6A,0x4A29,0x528B,0x5A8B,0x41C7,0x3945,0x4165,
		0x59E7,0x6248,0x72A9,0x7ACA,0x82EB,0x72AA,0x6248,0x5A28,0x49C6,0x4185,
		0x3965,0x3124,0x2945,0x2945,0x2945,0x2145,0x2125,0x2125,0x2125,0x2146,
		0x2946,0x2986,0x2966,0x31C8,0x31E8,0x29E8,0xAE39,0xD7DF,0xD7DF,0xDFFF,
		0xDFFF,0xDFFF,0xDFFF,0xDFFF,0xDFFF,0xDFFF,0xDFFF,0xDFFF,0xDFFF,0xDFFF,
		0xDFFF,0xDFFF,0xDFFF,0xDFFF,0xDFFF,0xDFFF,0xDFFF,0xE7FF,0xE7FF,0xE7FF,
		0xD6DB,0xD6FC,0xDF1C,0xDF3D,0xDF3D,0xE75D,0xE77D,0xE77D,0xE77D,0xE77D,
		0xE75D,0xE75D,0xE75D,0xE75D,0xE75D,0xDF3D,0xDF3D,0xD6FC,0xD6FC,0xDF1D,
		0xE79F,0xEFFF,0xE7FF,0xE7FF,0xE7FF,0xE7FF,0xDFFF,0xE7DF,0xD71C,0x8472,
		0x7BD0,0x6B0D,0x6B2D,0x7BAF,0x736E,0x5ACC,0x5AAB,0x630D,0x5AEC,0x632D,
		0x5ACC,0x52AB,0x5ACB,0x4229,0x528B,0x5ACC,0x4A29,0x3966,0x49A6,0x59E7,
		0x6A28,0x7AA9,0x830A,0x934B,0x934C,0x8B2C,0x830B,0x72CA,0x6A48,0x59E6,
		0x4985,0x3945,0x3945,0x3146,0x2945,0x2145,0x2145,0x2145,0x2125,0x2146,
		0x2946,0x2966,0x3187,0x31A7,0x39E9,0x2167,0x6C11,0xDFBF,0xDFDF,0xDFFF,
		0xDFFF,0xDFFF,0xDFFF,0xDFFF,0xDFDF,0xDFDF,0xDFDF,0xDFDF,0xDFDF,0xDFFF,
		0xDFFF,0xDFFF,0xDFFF,0xDFFF,0xDFFF,0xDFFF,0xDFFF,0xE7FF,0xE7FF,0xE7FF,
		0xE77D,0xE77D,0xE77D,0xE77D,0xE75D,0xE75D,0xE75D,0xDF5D,0xDF5D,0xD73C,
		0xD71C,0xCF1B,0xCEFB,0xCEDB,0xC6DB,0xC6BB,0xC69B,0xBE7A,0xBE7B,0xCEDC,
		0xDF7E,0xE7DF,0xDFFF,0xDFFF,0xDFFF,0xDFFF,0xD7DF,0xDFDF,0xBE5A,0x8411,
		0x736F,0x6B0D,0x734E,0x83D0,0x6B2D,0x5AAB,0x62CC,0x5ACC,0x62EC,0x630C,
		0x5ACB,0x5AAB,0x528B,0x526A,0x5AAB,0x5A8B,0x3986,0x4986,0x59E7,0x6A48,
		0x82C9,0x8B2B,0x936B,0xA3AD,0xA3AD,0x9BAD,0x9B8D,0x936C,0x830B,0x7ACA,
		0x7289,0x6248,0x51C7,0x4166,0x3986,0x3186,0x2966,0x2966,0x2946,0x2126,
		0x2946,0x2966,0x31A7,0x3187,0x39C8,0x31C8,0x3A2A,0xC6DC,0xDFDF,0xDFDF,
		0xDFDF,0xDFFF,0xDFFF,0xDFFF,0xDFDF,0xDFDF,0xDFDF,0xDFDF,0xDFDF,0xDFDF,
		0xDFFF,0xDFFF,0xDFFF,0xDFFF,0xDFFF,0xDFFF,0xDFFF,0xDFFF,0xDFFF,0xDFFF,
		0xDF3D,0xDF3D,0xD71D,0xD71C,0xD6FC,0xCEDB,0xC6DC,0xBEDC,0xBEBB,0xBEBB,
		0xB69A,0xB67A,0xB67A,0xAE7A,0xAE7B,0xAE5B,0xAE5B,0xAE5A,0xB67B,0xC6FC,
		0xD79E,0xDFDF,0xDFFF,0xDFFF,0xDFFF,0xD7FF,0xD7FF,0xDFBF,0xA576,0x83F0,
		0x732E,0x6B2E,0x7BAF,0x83CF,0x5ACB,0x5ACB,0x630D,0x5ACC,0x62EC,0x5ACB,
		0x5ACB,0x5ACC,0x52AB,0x526B,0x62AC,0x49C8,0x4166,0x51C7,0x6A68,0x82EA,
		0x9B6B,0xA3AC,0xA3ED,0xAC0E,0xAC0E,0xAC0E,0xA3ED,0xA3CD,0x9BAC,0x8B6C,
		0x830A,0x82EA,0x7ACA,0x6A48,0x51C6,0x4186,0x41A6,0x3986,0x3166,0x2946,
		0x2146,0x2987,0x31A7,0x39A8,0x39A8,0x39C9,0x2167,0x9556,0xDFFF,0xD7DF,
		0xDFFF,0xDFFF,0xDFFF,0xDFFF,0xDFFF,0xDFDF,0xDFDF,0xDFDF,0xDFFF,0xDFFF,
		0xDFFF,0xDFFF,0xDFFF,0xDFFF,0xDFFF,0xDFFF,0xDFFF,0xDFFF,0xDFFF,0xDFFF,
		0xBE7B,0xBE7B,0xB65A,0xB65A,0xB65A,0xB65A,0xB65A,0xAE5B,0xAE5A,0xAE5A,
		0xAE5A,0xAE5A,0xAE5A,0xAE5B,0xAE5B,0xAE5B,0xAE5B,0xAE5B,0xB65B,0xC6FC,
		0xD79E,0xDFDF,0xDFFF,0xDFFF,0xDFFF,0xD7FF,0xD7FF,0xD75D,0x8C92,0x83D0,
		0x732D,0x734E,0x83F0,0x7B8E,0x5A8A,0x632D,0x630D,0x5ACC,0x62EC,0x5AAB,
		0x5ACC,0x5AEC,0x528B,0x5A8B,0x522A,0x4166,0x51C7,0x6228,0x82EA,0x9B6C,
		0xABCD,0xABED,0xAC0E,0xB42E,0xB42E,0xB42E,0xAC0E,0xAC0E,0xA40E,0x9BCD,
		0x938C,0x8B4C,0x8B2B,0x8B0B,0x82EB,0x6A6A,0x5A08,0x49C7,0x39C7,0x2986,
		0x2166,0x2166,0x31A7,0x39A8,0x39C9,0x39C8,0x2967,0x4B0D,0xDFBE,0xDFDF,
		0xDFDF,0xDFFF,0xDFFF,0xDFFF,0xDFFF,0xDFDF,0xDFDF,0xDFDF,0xDFFF,0xDFFF,
		0xDFFF,0xDFFF,0xDFFF,0xDFFF,0xDFFF,0xDFFF,0xDFFF,0xDFFF,0xDFFF,0xDFFF,
		0xA61A,0xA61A,0xAE3A,0xAE3A,0xAE3A,0xAE3A,0xAE5B,0xA65B,0xAE5B,0xA65B,
		0xA65B,0xA65B,0xA65B,0xA65B,0xAE5B,0xAE5B,0xAE5B,0xAE3B,0xAE5B,0xC6FC,
		0xD79E,0xDFDF,0xDFFF,0xDFFF,0xDFFF,0xD7FF,0xDFFF,0xBE9A,0x8C51,0x83AF,
		0x732D,0x7B6F,0x8C10,0x734D,0x5AAB,0x6B6E,0x630D,0x630D,0x5ACC,0x528B,
		0x630C,0x5ACB,0x528B,0x62AB,0x41A7,0x51C7,0x5A08,0x72AA,0x936C,0xA3CD,
		0xB40E,0xBC4F,0xB46F,0xBC6F,0xB46F,0xB44F,0xB44F,0xB42E,0xAC2E,0xAC0E,
		0xA3CD,0x9BAD,0x9BAD,0x9B8D,0x9B8D,0x9B6D,0x8B4D,0x6AAA,0x5228,0x4A08,
		0x31A7,0x2966,0x3187,0x3187,0x39A8,0x39A8,0x31A8,0x2166,0xAE39,0xE7FF,
		0xDFDF,0xDFFF,0xDFFF,0xDFFF,0xDFFF,0xDFDF,0xDFDF,0xDFDF,0xDFFF,0xDFFF,
		0xDFFF,0xDFFF,0xDFFF,0xDFFF,0xDFFF,0xDFFF,0xDFFF,0xDFFF,0xDFFF,0xDFFF,
		0xA63B,0xA63B,0xA65B,0xAE5B,0xAE5B,0xAE5B,0xA65B,0xA65C,0xA65C,0xA65C,
		0xA65B,0xA65C,0xA65B,0xA65B,0xA65B,0xA65B,0xAE5B,0xAE3B,0xAE5B,0xC6FD,
		0xD79E,0xDFDF,0xDFDF,0xDFFF,0xDFFF,0xDFFF,0xDFDF,0xA596,0x8C31,0x7B6E,
		0x732D,0x83AF,0x8BF0,0x6B2C,0x5ACB,0x6B4D,0x62EC,0x630D,0x528B,0x5AAB,
		0x630D,0x5AAB,0x62CB,0x5229,0x4986,0x5A07,0x6A68,0x830B,0x9BAD,0xAC2E,
		0xBC6F,0xBC90,0xBC90,0xBCB0,0xBC6F,0xB46F,0xB44F,0xB44F,0xB44E,0xB42E,
		0xAC0E,0xA3ED,0xA3CE,0xABEE,0xABEF,0xB40F,0xAC0F,0x9BEF,0x7B0C,0x5A49,
		0x5249,0x39A7,0x2966,0x3187,0x31A7,0x39A8,0x39A8,0x1905,0x6BF0,0xEFFF,
		0xE7DF,0xDFFF,0xDFFF,0xDFFF,0xDFDF,0xDFDF,0xDFDF,0xDFDF,0xDFDF,0xDFFF,
		0xDFFF,0xDFFF,0xDFFF,0xDFFF,0xDFFF,0xDFFF,0xDFFF,0xDFFF,0xDFFF,0xDFFF,
		0xA63B,0xA65B,0xA65B,0xA65B,0xA65B,0xA65B,0xA65B,0xA65B,0xA65B,0xA65B,
		0xA65B,0xA65B,0xA65B,0xA65B,0xA65B,0xA65B,0xA65B,0xA63B,0xAE5C,0xC6FD,
		0xD79E,0xDFDF,0xDFDF,0xDFFF,0xDFFF,0xD7DF,0xD77E,0x94F3,0x8C10,0x838E,
		0x732D,0x8BF0,0x83CF,0x62EB,0x6B0C,0x6B6E,0x630D,0x632D,0x526B,0x5ACC,
		0x630D,0x5AAB,0x6B0C,0x4186,0x51C7,0x6227,0x7AA9,0x8B4B,0xA3EE,0xB44F,
		0xBCB0,0xC4B0,0xC4B0,0xC4B0,0xBC90,0xBC6F,0xBC6F,0xB44F,0xB44E,0xB44E,
		0xAC0E,0xABEE,0xABEE,0xAC0E,0xAC0E,0xAC2F,0xAC50,0xAC70,0xAC91,0x93CE,
		0x6A8A,0x5A29,0x3987,0x3166,0x31A7,0x31A7,0x39C8,0x2967,0x31E9,0xDF3D,
		0xE7FF,0xE7FF,0xDFFF,0xDFFF,0xDFDF,0xDFDF,0xDFDF,0xDFDF,0xDFDF,0xDFFF,
		0xDFFF,0xDFFF,0xDFFF,0xDFFF,0xDFFF,0xDFFF,0xDFFF,0xDFFF,0xDFFF,0xDFFF,
		0xA63A,0xA63B,0xA65B,0xA65B,0xA65B,0xA65B,0xAE5B,0xAE5B,0xAE5B,0xAE5B,
		0xAE5B,0xAE5B,0xA65B,0xA65B,0xA65B,0xA65B,0xA65C,0xA65B,0xAE7C,0xBEFD,
		0xD79F,0xDFDF,0xDFDF,0xDFFF,0xDFFF,0xD7DF,0xCEFC,0x8C92,0x8BF0,0x838E,
		0x836E,0x8BF0,0x736E,0x5A8A,0x736E,0x736E,0x5AEC,0x62EC,0x528B,0x630D,
		0x5AAB,0x630C,0x5249,0x4185,0x59E7,0x6A48,0x82EA,0x936C,0xAC0E,0xBC6F,
		0xC4B0,0xC4D1,0xC4D1,0xC4B0,0xBCB0,0xBC90,0xBC6F,0xB44F,0xB44E,0xB44E,
		0xAC2E,0xAC0E,0xAC2E,0xAC2F,0xAC4F,0xAC6F,0xAC90,0xB4B1,0xB4B1,0xBCD2,
		0xA430,0x7AEC,0x5A4A,0x3187,0x2986,0x2987,0x31A7,0x2967,0x2126,0xA576,
		0xF7FF,0xE7FF,0xDFFF,0xDFFF,0xDFDF,0xDFDF,0xDFDF,0xDFDF,0xDFDF,0xDFFF,
		0xDFFF,0xDFFF,0xDFFF,0xDFFF,0xDFFF,0xDFFF,0xDFFF,0xDFFF,0xDFFF,0xDFFF,
		0xA63B,0xA63B,0xA63B,0xA65B,0xA65B,0xA65B,0xA65B,0xA65B,0xA65B,0xA65B,
		0xA65B,0xA65B,0xA65B,0xA65B,0xA65B,0xA65B,0xA65B,0xA63B,0xAE5C,0xBEFD,
		0xD79E,0xDFDF,0xDFDF,0xD7FF,0xD7FF,0xD7DF,0xBE38,0x8431,0x8BF0,0x836E,
		0x83AF,0x8BD0,0x6B4D,0x528A,0x738F,0x736E,0x6B2D,0x630C,0x4A6A,0x62EC,
		0x5AAB,0x6B2C,0x41A6,0x49A6,0x6208,0x7A89,0x8B0A,0x9BAC,0xAC0E,0xBC6F,
		0xC4B0,0xC4D1,0xC4D1,0xC4D1,0xBCB0,0xBC90,0xB470,0xB470,0xB46F,0xB46F,
		0xAC4E,0xAC2E,0xAC4F,0xAC4F,0xAC4F,0xAC70,0xB4B1,0xBCD1,0xBCD2,0xBCD2,
		0xC4F2,0xAC51,0x72EC,0x4A28,0x2966,0x2966,0x2967,0x2967,0x2126,0x634E,
		0xEFFF,0xE7FF,0xDFFF,0xD7FF,0xDFDF,0xDFDF,0xDFDF,0xDFDF,0xDFDF,0xDFFF,
		0xDFFF,0xDFFF,0xDFFF,0xDFFF,0xDFFF,0xDFFF,0xDFFF,0xDFFF,0xDFFF,0xDFFF,
		0xA63B,0xA63B,0xA63B,0xA63B,0xA63B,0xA65B,0xA65B,0xA65B,0xA65B,0xA65B,
		0xA65B,0xA65B,0xA65B,0xA65B,0xA65B,0xA65B,0xA65B,0xA63B,0xAE5B,0xC6FD,
		0xD79E,0xDFDF,0xD7DF,0xD7DF,0xD7DF,0xD7BE,0xA534,0x8C30,0x8BF0,0x838E,
		0x83AF,0x8BF0,0x6B2D,0x5ACC,0x7BAF,0x6B4D,0x736E,0x5A8B,0x5A8B,0x62EC,
		0x6B4C,0x5A89,0x3965,0x59E7,0x6A49,0x82EA,0x936C,0xAC0E,0xB44F,0xBCB0,
		0xC4D0,0xC4D0,0xC4F1,0xBCD1,0xBC90,0xBC90,0xB470,0xB470,0xB490,0xB46F,
		0xB44F,0xAC4F,0xAC4F,0xB44F,0xB450,0xB470,0xBCB1,0xBCD2,0xBCD2,0xBCD2,
		0xBCD2,0xBCF3,0xA450,0x628A,0x3166,0x3166,0x3167,0x2947,0x2106,0x3209,
		0xD75D,0xE7FF,0xDFFF,0xD7FF,0xDFDF,0xDFDF,0xDFDF,0xDFDF,0xDFDF,0xDFFF,
		0xDFFF,0xDFFF,0xDFFF,0xDFFF,0xDFFF,0xDFFF,0xDFFF,0xDFFF,0xDFFF,0xDFFF,
		0xA63B,0xA63B,0xA63B,0xA63B,0xA63B,0xA63B,0xA65B,0xA65B,0xA65B,0xA65B,
		0xA65B,0xA65B,0xA65B,0xA65B,0xA65B,0xA65B,0xA65B,0xA63B,0xAE5B,0xC6FD,
		0xD79E,0xD7DF,0xD7DF,0xD7DF,0xD7DF,0xCF3D,0x94B2,0x8C30,0x8BCF,0x838E,
		0x8BF0,0x83CF,0x6B0C,0x6B0D,0x7BAF,0x6B4E,0x734E,0x528A,0x62EC,0x6B4D,
		0x630C,0x4A07,0x4186,0x6248,0x7AAA,0x8B2B,0xA3ED,0xB470,0xBCB0,0xC4D1,
		0xCD11,0xC4F1,0xC4F1,0xC4D1,0xBCB0,0xBC91,0xBC90,0xB470,0xB470,0xB470,
		0xB46F,0xB44F,0xB470,0xB470,0xB470,0xB491,0xBCB2,0xBCD2,0xBCD2,0xBCD2,
		0xBCD2,0xBCF3,0xB4F3,0x836D,0x3986,0x3187,0x3167,0x2947,0x1905,0x1946,
		0xADF8,0xE7FF,0xDFFF,0xDFFF,0xDFDF,0xDFDF,0xDFDF,0xDFDF,0xDFDF,0xDFFF,
		0xDFFF,0xDFFF,0xDFFF,0xDFFF,0xDFFF,0xDFFF,0xDFFF,0xDFFF,0xDFFF,0xDFFF,
		0xA63B,0xA63B,0xA63B,0xA63B,0xA63B,0xA63B,0xA63B,0xA63B,0xA63B,0xA65B,
		0xA65B,0xA65B,0xA65B,0xA65B,0xA65B,0xA65B,0xA65B,0xA63B,0xAE5B,0xBEDD,
		0xD77E,0xD7DF,0xD7FF,0xDFFF,0xDFBF,0xC6BB,0x9471,0x9430,0x8BCF,0x83AE,
		0x9430,0x7BAE,0x62EC,0x734E,0x7BAF,0x7B8E,0x62EC,0x5AAB,0x6B2D,0x632D,
		0x5AAB,0x41A6,0x51E7,0x6A69,0x7AEB,0x938D,0xAC2F,0xBCB1,0xBCB1,0xBCD1,
		0xC4F1,0xBCB0,0xC4D1,0xC4D1,0xBCB1,0xBC90,0xBC90,0xBC91,0xB470,0xB490,
		0xB470,0xB470,0xB470,0xB470,0xB471,0xB4B1,0xB4B2,0xB4B2,0xBCD2,0xBCD2,
		0xBCD2,0xBCF3,0xBCF3,0x9C30,0x41C7,0x3987,0x3187,0x2126,0x1905,0x1105,
		0x7431,0xE7FF,0xDFDF,0xDFDF,0xDFDF,0xDFDF,0xDFDF,0xDFDF,0xDFDF,0xDFFF,
		0xDFFF,0xDFFF,0xDFFF,0xDFFF,0xDFFF,0xDFFF,0xDFFF,0xDFFF,0xDFFF,0xDFFF,
		0xA63B,0xA63B,0xA61A,0xA63B,0xA63B,0xA63B,0xA63B,0x9E3B,0x9E3B,0x9E3B,
		0xA65B,0xA65B,0xA65B,0xA65B,0xA63B,0xA63B,0xA63B,0xA63B,0xAE3B,0xBEDC,
		0xD77E,0xD7DF,0xD7FF,0xD7BF,0xDF9F,0xB618,0x8C30,0x9410,0x8BAF,0x93CF,
		0x9410,0x736D,0x6AEC,0x7B8F,0x7B8F,0x7B8F,0x6AEC,0x6AEC,0x734E,0x5AEB,
		0x5249,0x4186,0x5A28,0x72AA,0x832C,0x93AD,0xA42F,0xB490,0xB490,0xBCB1,
		0xBCB0,0xBC90,0xBCB0,0xC4D1,0xBC90,0xB470,0xB470,0xBC91,0xB471,0xB491,
		0xB491,0xB470,0xB470,0xB470,0xB491,0xB491,0xB4B2,0xB4D2,0xBCD2,0xBCF3,
		0xBCF3,0xBCF2,0xBCD2,0xA451,0x5208,0x3986,0x39C8,0x2146,0x10E5,0x1105,
		0x42AB,0xE7BF,0xE7FF,0xE7DF,0xDFDF,0xDFDF,0xDFDF,0xDFDF,0xDFDF,0xDFFF,
		0xDFFF,0xDFFF,0xDFFF,0xDFFF,0xDFFF,0xDFFF,0xDFFF,0xDFFF,0xDFFF,0xDFFF,
		0xA63B,0xA63B,0xA61A,0xA63B,0xA63B,0xA63B,0x9E3B,0x9E3B,0x9E3B,0x9E3B,
		0x9E3B,0x9E3B,0x9E3B,0x9E3B,0xA63B,0xA63B,0xA63B,0xA61B,0xA63B,0xBEBC,
		0xD77E,0xD7DF,0xD7FF,0xD7BE,0xDF7E,0xAD76,0x9430,0x9410,0x8BAE,0x9410,
		0x8C0F,0x6B4C,0x6B0C,0x83AF,0x7B8F,0x7B6E,0x732D,0x7B6E,0x630C,0x52CB,
		0x41C7,0x4186,0x6228,0x6A49,0x72CA,0x834C,0x93AD,0xA42F,0xAC70,0xB490,
		0xB490,0xB46F,0xBCB0,0xC4D1,0xBC90,0xB490,0xB470,0xB470,0xB470,0xB471,
		0xB471,0xB470,0xB470,0xB470,0xB491,0xAC91,0xAC91,0xAC71,0xAC71,0xAC92,
		0xB4D2,0xC513,0xBCF2,0xAC92,0x5A49,0x3145,0x39C8,0x2146,0x1905,0x1905,
		0x2187,0xC6BA,0xEFFF,0xE7DF,0xDFDF,0xDFDF,0xDFDF,0xDFDF,0xDFDF,0xDFFF,
		0xDFFF,0xDFFF,0xDFFF,0xDFFF,0xDFFF,0xDFFF,0xDFFF,0xDFFF,0xDFFF,0xDFFF,
		0xA63B,0xA63B,0xA63B,0xA63B,0xA63B,0xA63B,0x9E3B,0x9E3B,0x9E3B,0x9E3B,
		0x9E3B,0x9E3B,0x9E3B,0x9E3B,0x9E3B,0x9E3B,0xA63B,0xA61A,0xA63B,0xBEBC,
		0xD77E,0xD7DF,0xD7DF,0xD7BF,0xD71D,0x9CB3,0x9410,0x9410,0x93CF,0x93EF,
		0x8C0F,0x6B0B,0x6B0C,0x83AF,0x7B8F,0x7B6E,0x736E,0x734E,0x62EC,0x528A,
		0x3145,0x4165,0x59C7,0x6207,0x5A07,0x6227,0x6A47,0x7AA9,0x832B,0x938C,
		0xA42E,0xB490,0xBCB0,0xBCB1,0xBCB1,0xBC70,0xB450,0xB450,0xB450,0xB450,
		0xAC50,0xAC30,0xA3EF,0xA3EF,0x9BCE,0x834C,0x7AEB,0x7B0B,0x8B4C,0x938D,
		0x9BCE,0xAC50,0xBCF2,0xB491,0x626A,0x3125,0x39C7,0x29A7,0x1905,0x1905,
		0x1946,0x9D76,0xF7FF,0xE7FF,0xDFDF,0xDFDF,0xDFDF,0xDFDF,0xDFDF,0xDFFF,
		0xDFFF,0xDFFF,0xDFFF,0xDFFF,0xDFFF,0xDFFF,0xDFFF,0xDFFF,0xDFFF,0xDFFF,
		0xA63B,0xA63B,0xA63B,0xA63B,0xA63B,0xA63B,0xA63B,0xA63B,0xA63B,0xA63B,
		0xA63B,0xA63B,0xA63B,0x9E3B,0x9E3B,0x9E3B,0x9E1A,0xA61A,0xA63A,0xBEDC,
		0xD75E,0xD7BF,0xD7DF,0xD7DF,0xCE9A,0x9C31,0x9C10,0x940F,0x93EF,0x9410,
		0x8BCF,0x6ACB,0x732C,0x8BAE,0x83CF,0x7B6D,0x734D,0x6AEC,0x62EC,0x4A28,
		0x3945,0x51A6,0x6207,0x6A27,0x6A68,0x6A48,0x6A48,0x6A68,0x7288,0x7AC9,
		0x832A,0x93AC,0xAC4F,0xB470,0xBC91,0xBC50,0xBC30,0xB430,0xB450,0xAC2F,
		0xA3EF,0x93AE,0x8B4C,0x7AEB,0x7289,0x6A49,0x7289,0x7ACA,0x830B,0x938D,
		0x9BCE,0x9BEE,0xAC70,0xB4B1,0x72EB,0x3124,0x3187,0x31C7,0x1905,0x1905,
		0x1105,0x7C52,0xEFFF,0xE7DF,0xDFDF,0xDFBF,0xDFDF,0xDFDF,0xDFFF,0xDFFF,
		0xDFFF,0xDFFF,0xDFFF,0xDFFF,0xDFFF,0xDFFF,0xDFFF,0xDFFF,0xDFFF,0xDFFF,
		0xA63A,0xA63A,0xA63A,0xA63B,0xA63B,0xA63B,0xA63B,0xA63B,0xA63B,0xA63B,
		0xA63B,0xA63B,0xA63B,0x9E5B,0xA65B,0xA63B,0xA61A,0xA61A,0xAE3A,0xBEDC,
		0xD77E,0xDFBF,0xD7DF,0xD7DF,0xC659,0xA431,0xA450,0x940F,0x93EF,0x9C30,
		0x838E,0x62AA,0x7B4D,0x8BAE,0x83AE,0x7B6D,0x732C,0x62CB,0x62CB,0x3986,
		0x4186,0x6228,0x7289,0x7AEA,0x8B4B,0x936C,0x938C,0x936C,0x8B4B,0x8B4A,
		0x8B6B,0x938C,0xA3EE,0xB44F,0xB470,0xBC50,0xB430,0xB430,0xAC30,0xA3EF,
		0x9BAD,0x934C,0x8B2B,0x8B2B,0x8B2B,0x936D,0x9BAE,0x9BCE,0xAC50,0xBCD2,
		0xBCF3,0xBCD2,0xB4D1,0xB4D2,0x7B4C,0x2924,0x3166,0x39C8,0x2145,0x1905,
		0x1105,0x532D,0xEFFF,0xE7DF,0xDFDF,0xDFBF,0xDFDF,0xDFDF,0xDFFF,0xDFFF,
		0xDFFF,0xDFFF,0xDFFF,0xDFFF,0xDFFF,0xDFFF,0xDFFF,0xDFFF,0xDFFF,0xDFFF,
		0x9DFA,0x9DFA,0x9DFA,0x9E1A,0x9E1A,0xA61A,0x9E1A,0x9E1A,0x9E1A,0x9E1A,
		0x9E1A,0x9E1A,0x9E1A,0x9E3B,0x9E3B,0xA61B,0xA61A,0xA61A,0xAE3A,0xBEDC,
		0xD77E,0xDFBF,0xD7DF,0xD7BE,0xBDB6,0x9C10,0xA450,0x93EF,0x93CE,0x9410,
		0x7B6D,0x6AEB,0x83AE,0x93EF,0x838E,0x7B6D,0x62CB,0x62CB,0x5229,0x3945,
		0x4986,0x6228,0x7289,0x7AEA,0x832B,0x832B,0x8B6C,0x938C,0x8B4B,0x8B0A,
		0x934A,0x9BAC,0xAC2E,0xB46F,0xBC90,0xBC70,0xB430,0xAC0F,0xAC2F,0xA40F,
		0xA3CE,0x9B8C,0x934B,0x936C,0x9BAD,0x9BEE,0x9BEF,0x9C0F,0xAC71,0xBCF3,
		0xC514,0xBCD2,0xB4D1,0xB4F2,0x8B8D,0x2904,0x2946,0x39C8,0x2966,0x18E5,
		0x10E5,0x426A,0xE79E,0xEFFF,0xDFDF,0xDFBF,0xDFDF,0xDFDF,0xDFFF,0xDFFF,
		0xDFFF,0xDFFF,0xDFFF,0xDFFF,0xDFFF,0xDFFF,0xDFFF,0xDFFF,0xDFFF,0xDFFF,
		0x9598,0x95B8,0x95B8,0x9598,0x9598,0x95B8,0x95B9,0x95B9,0x95B9,0x95D9,
		0x95D9,0x95D9,0x95D9,0x95DA,0x9DDA,0x9DDA,0x9DDA,0x9DD9,0xAE3A,0xBEDC,
		0xD75E,0xD79F,0xD7BF,0xDFBE,0xAD54,0xAC50,0xA430,0x9BEF,0x93CE,0x9C30,
		0x7B2C,0x730C,0x8BAE,0x8BEF,0x7B6D,0x734D,0x62AB,0x62EC,0x41A6,0x3944,
		0x4986,0x59C7,0x59E7,0x51A6,0x49A5,0x4985,0x49A5,0x5A07,0x7288,0x82C9,
		0x8B0A,0x932A,0xA3CD,0xB44F,0xBCB0,0xBC90,0xB42F,0xAC2F,0xA42F,0xA3EE,
		0x9B8C,0x932A,0x934B,0x832B,0x6A89,0x5A28,0x6A69,0x6AAA,0x72AA,0x9BCF,
		0xB491,0xB4B2,0xBCD2,0xBCF2,0x8BAE,0x2904,0x2946,0x31A7,0x3187,0x18E5,
		0x10E5,0x3209,0xDF5D,0xEFFF,0xE7DF,0xDFBF,0xDFDF,0xDFDF,0xDFFF,0xDFFF,
		0xDFFF,0xDFFF,0xDFFF,0xDFFF,0xDFFF,0xDFFF,0xDFFF,0xDFFF,0xDFFF,0xDFFF,
		0x8557,0x8537,0x8537,0x8537,0x8537,0x8D57,0x8557,0x8557,0x8557,0x8D78,
		0x8D78,0x8D78,0x8D78,0x8D79,0x8D79,0x9578,0x9598,0x9598,0xA5F9,0xBEBB,
		0xD75E,0xD79F,0xD7BF,0xD75C,0xACF2,0xAC50,0xA42F,0x9BEE,0x9C0F,0x9C0F,
		0x72CB,0x730C,0x8BCF,0x8BCF,0x7B4D,0x6AEB,0x6AEB,0x5A6A,0x3125,0x3924,
		0x4165,0x4124,0x38E3,0x4965,0x5207,0x3965,0x3104,0x3903,0x59E6,0x6A27,
		0x82EA,0x8AE9,0xA38C,0xBC6F,0xC4D1,0xBCB1,0xB470,0xB44F,0xAC2F,0x9BCD,
		0x8B2A,0x8B2A,0x72A9,0x49A6,0x3124,0x2924,0x62AA,0xACD2,0x5A07,0x6207,
		0x8B4C,0xAC50,0xBCF2,0xBD12,0x8BAE,0x2904,0x2945,0x3187,0x31A7,0x2126,
		0x1905,0x2987,0xD71C,0xEFFF,0xE7DF,0xDFBF,0xDFDF,0xDFDF,0xDFFF,0xDFFF,
		0xDFFF,0xDFFF,0xDFFF,0xDFFF,0xDFFF,0xDFFF,0xDFFF,0xDFFF,0xDFFF,0xDFFF,
		0x8537,0x8536,0x8516,0x7CF6,0x7D16,0x8516,0x8516,0x8516,0x8537,0x8537,
		0x8537,0x8537,0x8537,0x8537,0x8537,0x8537,0x8D57,0x9558,0x9DB9,0xB69B,
		0xCF3E,0xD79F,0xD7BF,0xCEFB,0xA4D1,0xAC4F,0xA40F,0x93CE,0x9BEF,0x8B8D,
		0x72EB,0x7B2C,0x8BEF,0x838E,0x7B4D,0x5A8A,0x62CB,0x39A7,0x3124,0x4165,
		0x4965,0x4945,0x4965,0x51C6,0x5A28,0x3166,0x20E4,0x3945,0x6A89,0x59C6,
		0x6A27,0x8AEA,0x9B6B,0xCCD1,0xD532,0xC4F1,0xBC90,0xB470,0xAC70,0xA3CD,
		0x934A,0x7AE9,0x51E7,0x41C8,0x2105,0x2125,0x62EC,0x8BAE,0x6A89,0x82CA,
		0x9B6C,0xAC50,0xBCF2,0xBD13,0x8BAE,0x2904,0x2925,0x3166,0x3187,0x2946,
		0x2106,0x2167,0xCEDB,0xF7FF,0xE7DF,0xDFBF,0xDFDF,0xDFDF,0xDFFF,0xDFFF,
		0xDFFF,0xDFFF,0xDFFF,0xDFFF,0xDFFF,0xDFFF,0xDFFF,0xDFFF,0xDFFF,0xDFFF,
		0x8536,0x7D16,0x7CF6,0x7CD5,0x7CF6,0x7CF6,0x7CF6,0x7CF6,0x7D16,0x7D16,
		0x8516,0x8537,0x7D16,0x7D37,0x7D17,0x8517,0x8D37,0x9558,0x9DB8,0xBE7A,
		0xCF3D,0xD79F,0xDFBF,0xC658,0xA450,0xAC2F,0xA3EE,0x93AD,0x9BEF,0x8B6C,
		0x7AEB,0x832C,0x93EF,0x836D,0x730B,0x5A8A,0x5A89,0x3124,0x3964,0x49A5,
		0x59C6,0x6A27,0x7AA9,0x8B2A,0x8B0A,0x72A9,0x6A69,0x6A68,0x7289,0x7268,
		0x7A88,0x932A,0xAC0E,0xD532,0xDDB4,0xCD32,0xBCB0,0xB490,0xB490,0xA40E,
		0x938C,0x8B0B,0x7AEA,0x7B0C,0x6AAA,0x6AA9,0x832C,0x938D,0xA40F,0xB450,
		0xBC91,0xBCD2,0xC512,0xC533,0x8BCE,0x2904,0x2125,0x2966,0x3166,0x2926,
		0x2105,0x2966,0xCEBB,0xEFFF,0xDFFF,0xDFDF,0xDFDF,0xDFDF,0xDFFF,0xDFFF,
		0xDFFF,0xDFFF,0xDFFF,0xDFFF,0xDFFF,0xDFFF,0xDFFF,0xDFFF,0xDFFF,0xDFFF,
		0x7D16,0x7CF5,0x74D5,0x74D5,0x7CD6,0x7CF6,0x7CF6,0x7CF6,0x7CF6,0x7D16,
		0x7D16,0x8516,0x7D16,0x7D36,0x7D17,0x7D17,0x8538,0x9558,0x9DB8,0xBE7A,
		0xCF5E,0xCF9F,0xDF7F,0xBD95,0xAC70,0xAC0F,0xA3EE,0x9BAD,0x9BAE,0x832C,
		0x72CA,0x8B6D,0x93CE,0x7B2C,0x628A,0x5A8A,0x41C6,0x3123,0x4184,0x59E6,
		0x6A47,0x82E9,0x9B6B,0xABCC,0xABED,0xABCD,0xA3AC,0x9B4B,0x930A,0x930A,
		0x934B,0x9B8C,0xBC90,0xD573,0xDDD4,0xCD52,0xBCD0,0xB4B0,0xB490,0xA42F,
		0x9BAD,0x9BAD,0xA3CE,0x9BAD,0xA3AD,0xABEE,0xABEE,0xAC2F,0xB470,0xBCB1,
		0xBCD2,0xC512,0xC513,0xC554,0x8BCE,0x2904,0x2125,0x2946,0x3187,0x2926,
		0x2125,0x2966,0xC69A,0xEFFF,0xDFFF,0xDFDF,0xDFDF,0xDFDF,0xDFFF,0xDFFF,
		0xDFFF,0xDFFF,0xDFFF,0xDFFF,0xDFFF,0xDFFF,0xDFFF,0xDFFF,0xDFFF,0xDFFF,
		0x7D15,0x7CF5,0x74D5,0x74D5,0x7CD6,0x7CF6,0x7CD6,0x74D5,0x7CD5,0x7CF6,
		0x7D16,0x7D16,0x7D16,0x7D16,0x7D17,0x7D17,0x8538,0x9558,0x9DB8,0xBE9A,
		0xD75E,0xD79F,0xD73D,0xAD13,0xB490,0xAC0F,0x9BCE,0x9BAE,0x936D,0x830B,
		0x7AEB,0x93AE,0x8B8D,0x72CA,0x5A49,0x5249,0x3144,0x3124,0x49A5,0x6207,
		0x7AA9,0x936B,0xA3CD,0xAC0D,0xB40E,0xABED,0xA3CD,0x9B8C,0x9B8C,0xA3AC,
		0xABED,0xB44F,0xCD32,0xDD94,0xDDB4,0xCD53,0xBCD1,0xB490,0xB4B1,0xAC70,
		0xA40E,0xA40E,0xAC2F,0xAC0F,0xA3EE,0xABEE,0xAC0F,0xAC2F,0xB470,0xBCB2,
		0xC4F3,0xC533,0xC533,0xCD74,0x8BCE,0x2904,0x2105,0x2146,0x3187,0x2946,
		0x2105,0x29A7,0xCEFB,0xE7FF,0xDFDF,0xDFDF,0xDFDF,0xDFDF,0xDFFF,0xDFFF,
		0xDFFF,0xDFFF,0xDFFF,0xDFFF,0xDFFF,0xDFFF,0xDFFF,0xDFFF,0xDFFF,0xDFFF,
		0x7D15,0x7CD5,0x74D5,0x74B5,0x74D6,0x7CD6,0x7CD6,0x74D5,0x74D5,0x7CF6,
		0x7D16,0x7D16,0x7CF6,0x7D16,0x7D17,0x7CF7,0x8537,0x9558,0x9DB8,0xBE9B,
		0xD75E,0xD79F,0xD6DB,0xACF2,0xB470,0xA3EF,0x9B8D,0x9BAD,0x8B4C,0x832C,
		0x832C,0x9BEF,0x838D,0x6289,0x5248,0x41E7,0x28E3,0x3944,0x51C6,0x6A47,
		0x8B0A,0xA3CD,0xB44F,0xBC6F,0xBC4F,0xB42E,0xAC0E,0xAC0E,0xAC0E,0xB44F,
		0xBC6F,0xC4F1,0xDD94,0xDDD5,0xE5D5,0xD594,0xC4D1,0xB490,0xB4B1,0xB491,
		0xAC4F,0xAC0F,0xAC2F,0xB450,0xB42F,0xB42F,0xB44F,0xB450,0xBC91,0xBCD2,
		0xC513,0xCD33,0xCD54,0xCD95,0x8BAE,0x2904,0x2105,0x2126,0x31A7,0x2946,
		0x18E4,0x31C8,0xD75D,0xDFDF,0xDFDF,0xDFBF,0xDFBF,0xDFDF,0xDFDF,0xDFFF,
		0xDFFF,0xDFFF,0xDFFF,0xDFFF,0xDFFF,0xDFFF,0xDFFF,0xDFFF,0xDFFF,0xDFFF,
		0x7D15,0x7CF5,0x74D5,0x74D5,0x7CD6,0x7CD6,0x74D6,0x74D5,0x74D5,0x7CF6,
		0x7CF6,0x7D16,0x7CF6,0x7D16,0x7D17,0x7D17,0x8538,0x9578,0xA5D8,0xBE7A,
		0xD73D,0xDF7F,0xCE9A,0xACB1,0xAC2F,0xA3EE,0x9BAD,0x938D,0x830B,0x832C,
		0x834C,0x9BEF,0x7B2B,0x5227,0x5228,0x3965,0x28E3,0x4165,0x59E6,0x7A88,
		0x9B8C,0xB44F,0xC490,0xC490,0xBC6F,0xB44F,0xB44F,0xB44F,0xB46F,0xBC90,
		0xC4D1,0xD553,0xDDD5,0xE5F6,0xE5F6,0xDD94,0xC4F2,0xBC90,0xBCB1,0xBCB1,
		0xB490,0xAC2F,0xAC2F,0xB450,0xB450,0xB450,0xB450,0xBC70,0xBC91,0xBCD2,
		0xC513,0xCD34,0xCD34,0xCD95,0x7B4C,0x20C4,0x18E5,0x2125,0x3187,0x2946,
		0x1905,0x29C8,0xCF1C,0xDFDF,0xDFDF,0xDFBF,0xDFBF,0xDFDF,0xDFDF,0xDFFF,
		0xDFFF,0xDFFF,0xDFFF,0xDFFF,0xDFFF,0xDFFF,0xDFFF,0xDFFF,0xDFFF,0xDFFF,
		0x7D15,0x7CF5,0x74D5,0x74D5,0x7CD6,0x7CF6,0x7CD6,0x74D5,0x74D5,0x7CF6,
		0x7CF6,0x7D16,0x7CF6,0x7D16,0x7D17,0x7D17,0x8D38,0x9578,0x9DB8,0xBE5A,
		0xD71D,0xDF5E,0xC618,0xAC70,0xB450,0xA3EF,0x9BAD,0x936C,0x832B,0x832C,
		0x8B8D,0x9BEF,0x6AA9,0x49E6,0x41C6,0x20E3,0x3103,0x4165,0x6207,0x930A,
		0xB40E,0xC4B1,0xCCF2,0xC4D1,0xC4B1,0xBC90,0xBC90,0xBC90,0xBC90,0xC4D1,
		0xCD12,0xD594,0xE616,0xE616,0xE5F6,0xDD95,0xC4F2,0xBC70,0xB4B1,0xBCD1,
		0xBCB1,0xAC2F,0xAC0F,0xB450,0xBC50,0xBC50,0xBC70,0xBC90,0xBC91,0xC4D2,
		0xCD33,0xCD54,0xCD34,0xCD95,0x6AAA,0x20C4,0x1905,0x1925,0x2986,0x2146,
		0x1905,0x31E8,0xCF1D,0xDFFF,0xDFDF,0xDFBF,0xDFBF,0xDFDF,0xDFDF,0xDFFF,
		0xDFFF,0xDFFF,0xDFFF,0xDFFF,0xDFFF,0xDFFF,0xDFFF,0xDFFF,0xDFFF,0xDFFF,
		0x7D15,0x7CF5,0x74D5,0x7CD6,0x7CF6,0x7CF6,0x7CD6,0x74D5,0x74D5,0x7CF6,
		0x7CF6,0x7D16,0x7CF6,0x7D16,0x7D16,0x7D17,0x8D38,0x9578,0x9DB8,0xBE7A,
		0xD71D,0xDF3D,0xBDB6,0xAC70,0xB470,0x9BAD,0x9BCE,0x8B2B,0x8B6C,0x7AEB,
		0x93AE,0x93CE,0x5227,0x3965,0x2924,0x20C3,0x3103,0x4165,0x7268,0xA38C,
		0xC4B0,0xD533,0xD533,0xCD12,0xCCF2,0xC4B1,0xBCB0,0xBCB0,0xBCB0,0xC4D1,
		0xCD32,0xDDD5,0xE637,0xE616,0xE5F6,0xDD95,0xC4D2,0xBC70,0xB490,0xBCB1,
		0xBCB1,0xAC2F,0xA3EE,0xAC2F,0xB450,0xBC4F,0xBC50,0xBC70,0xBC91,0xC4D2,
		0xCD13,0xCD54,0xCD75,0xCD96,0x5229,0x20C4,0x18E5,0x1905,0x2986,0x2946,
		0x1905,0x3A4A,0xD77E,0xDFDF,0xDFDF,0xDFBF,0xD7BF,0xDFDF,0xDFDF,0xDFFF,
		0xDFFF,0xDFFF,0xDFFF,0xDFFF,0xDFFF,0xDFFF,0xDFFF,0xDFFF,0xDFFF,0xDFFF,
		0x7CF5,0x7CF5,0x74D5,0x7CF6,0x7CF6,0x7CF7,0x7CF6,0x74D5,0x7CD5,0x7CF6,
		0x7D16,0x7D16,0x7D16,0x7D16,0x7D16,0x7D16,0x8537,0x9577,0xA5B8,0xBE7A,
		0xD71C,0xD6FB,0xB555,0xB4D2,0xAC50,0x936C,0x93CE,0x7AEA,0x8B6C,0x7AEB,
		0x93CE,0x7B4C,0x41A6,0x2924,0x2104,0x18C3,0x3104,0x5185,0x82C9,0xB44F,
		0xD553,0xE5B5,0xE595,0xDD54,0xD512,0xCCD1,0xC4B0,0xBC90,0xBC90,0xC491,
		0xCCF2,0xDD95,0xD5B4,0xDDD5,0xE5F6,0xDD94,0xCCF2,0xBC90,0xB470,0xB450,
		0xAC2F,0xAC0F,0xA3CE,0xAC0F,0xB42F,0xBC4F,0xBC4F,0xBC70,0xBC91,0xC4D2,
		0xCD14,0xCD34,0xCD75,0xBD55,0x3987,0x18C4,0x20E5,0x2104,0x3186,0x3166,
		0x2105,0x4AEC,0xDFDF,0xD7FF,0xD7DF,0xD7BF,0xD7BF,0xD7BF,0xDFDF,0xDFFF,
		0xDFFF,0xDFFF,0xDFFF,0xDFFF,0xDFFF,0xDFFF,0xDFFF,0xDFFF,0xDFFF,0xDFFF,
		0x7D16,0x7CF5,0x74D5,0x7CD6,0x7CF6,0x7CF6,0x7CF6,0x7CF6,0x7CF6,0x7D16,
		0x7D16,0x8516,0x7D16,0x7D16,0x7D16,0x7D16,0x8537,0x9577,0xA5B8,0xBE7A,
		0xD6FC,0xCE7A,0xBD75,0xBD13,0xAC2F,0x934C,0x8B8C,0x7AEA,0x936C,0x7AEB,
		0x93EF,0x6289,0x3124,0x2904,0x20E3,0x20E3,0x3104,0x51A6,0x8B2B,0xC4F1,
		0xE5D5,0xEE16,0xE5D5,0xDD74,0xD533,0xCD12,0xC4D0,0xBC6F,0xBC4F,0xB42F,
		0xCCF3,0xE5D5,0xDDD5,0xE616,0xEE37,0xDDB5,0xCCF2,0xBC90,0xBC91,0xB470,
		0xB470,0xAC2F,0x9B8D,0xA3CE,0xAC0E,0xB42E,0xBC6F,0xBC70,0xBC91,0xC4D3,
		0xCD34,0xCD54,0xCD95,0xACF4,0x2105,0x20E5,0x20E5,0x2104,0x3186,0x3166,
		0x2105,0x6BCF,0xDFFF,0xD7DF,0xD7DF,0xD7BF,0xD7BF,0xD7BF,0xDFDF,0xDFFF,
		0xDFFF,0xDFFF,0xDFFF,0xDFFF,0xDFFF,0xDFFF,0xDFFF,0xDFFF,0xDFFF,0xDFFF,
		0x8536,0x7CF6,0x74D5,0x74D5,0x7CD6,0x7CF6,0x7CF6,0x7CF6,0x7CF6,0x7D16,
		0x8516,0x8537,0x7D16,0x7D16,0x7D16,0x7D16,0x8537,0x9577,0xA5B8,0xBE7A,
		0xCEBB,0xC618,0xC596,0xBD13,0xA40F,0x8B4C,0x834C,0x7B0B,0x8B4C,0x7AEA,
		0x93CE,0x51E7,0x3104,0x28E4,0x18C3,0x20E4,0x3104,0x59E6,0x9B8D,0xCD33,
		0xEE37,0xEE37,0xE5D5,0xDD94,0xD533,0xCCF1,0xC4B0,0xBC6F,0xB42E,0xAC0E,
		0xE595,0xFE78,0xF657,0xF637,0xEE16,0xDD94,0xC4D1,0xBC90,0xBC91,0xC4D2,
		0xC4D2,0xC4D2,0x9B8D,0x936C,0xA3CD,0xB42E,0xBC70,0xBC70,0xBCB1,0xC4D3,
		0xCD34,0xCD54,0xCDB6,0x8C10,0x18C4,0x20E5,0x18E5,0x2104,0x3186,0x3166,
		0x2105,0x7C31,0xDFFF,0xD7DF,0xD7DF,0xD7BF,0xD7BF,0xD7BF,0xDFDF,0xDFFF,
		0xDFFF,0xDFFF,0xDFFF,0xDFFF,0xDFFF,0xDFFF,0xDFFF,0xDFFF,0xDFFF,0xDFFF,
		0x8557,0x8536,0x7CF6,0x7CF6,0x7CF6,0x7CF7,0x7CF6,0x7D16,0x7D16,0x8516,
		0x8537,0x8537,0x8537,0x8516,0x7D37,0x7D17,0x8D57,0x9578,0xA5B8,0xBE3A,
		0xCE7B,0xBDD7,0xC5B6,0xBD13,0xA3EE,0x8B4C,0x832B,0x7AEA,0x8B6C,0x7AEB,
		0x836D,0x4185,0x3104,0x28E3,0x20E3,0x20E3,0x3124,0x59E7,0xA3CD,0xCD53,
		0xEE57,0xEE57,0xE5D5,0xDD94,0xD533,0xC4D1,0xBC8F,0xB42E,0xABEE,0xB40F,
		0xE595,0xE5B5,0xABEE,0xABEE,0xD533,0xD533,0xBC90,0xB44F,0xAC0F,0x8B0B,
		0x9BAD,0xC4F2,0x9BAD,0x8B2B,0xA3AD,0xAC0E,0xB44F,0xB470,0xBCB2,0xC513,
		0xCD34,0xCD54,0xCDB6,0x732D,0x18A3,0x18E5,0x18E4,0x2104,0x3186,0x3166,
		0x2125,0x8CD4,0xDFFF,0xD7DF,0xD7DF,0xD7BF,0xD7BF,0xD7DF,0xDFDF,0xDFFF,
		0xDFFF,0xDFFF,0xDFFF,0xDFFF,0xDFFF,0xDFFF,0xDFFF,0xDFFF,0xDFFF,0xDFFF,
		0x8D98,0x8D77,0x8557,0x8537,0x8537,0x8538,0x8537,0x8537,0x8557,0x8557,
		0x8557,0x8557,0x8557,0x8557,0x8557,0x8558,0x8D78,0x9598,0xADD9,0xBE19,
		0xCE5A,0xBDB7,0xCDF7,0xBCF3,0x9BAD,0x8B4C,0x7AEA,0x7AEA,0x8B4C,0x8B4C,
		0x7B0B,0x3944,0x3104,0x20E3,0x20E3,0x20E3,0x3944,0x59C6,0x9BAD,0xC533,
		0xE616,0xEE36,0xE5F6,0xDD94,0xD533,0xC4D1,0xBC4F,0xABED,0xABEE,0xC4B1,
		0xD533,0xC4B1,0x9B4C,0x932B,0xBC70,0xD533,0xBC70,0xABEE,0x82CA,0x6A27,
		0x936C,0xAC2F,0xA3CE,0x9B8D,0xA3AD,0xAC0E,0xB44F,0xB44F,0xBCB1,0xC513,
		0xCD54,0xCD54,0xC595,0x4A29,0x18C4,0x18E5,0x1905,0x2125,0x3186,0x3166,
		0x2946,0x9535,0xDFFF,0xD7DF,0xD7DF,0xD7BF,0xD7BF,0xD7DF,0xDFDF,0xDFFF,
		0xDFFF,0xDFFF,0xDFFF,0xDFFF,0xDFFF,0xDFFF,0xDFFF,0xDFFF,0xDFFF,0xDFFF,
		0x95B8,0x8D98,0x8D78,0x8D78,0x8D78,0x8D78,0x8D78,0x8D78,0x8D78,0x8D78,
		0x8D78,0x8D78,0x8D78,0x8D98,0x8D98,0x8D98,0x9599,0x9DB8,0xADD9,0xBE19,
		0xCE19,0xBD97,0xD638,0xB4B2,0x938C,0x8B2B,0x72CA,0x7AEA,0x8B2C,0x938D,
		0x6A89,0x3924,0x3104,0x20C3,0x20E3,0x20E3,0x3965,0x59C6,0x936C,0xBCF2,
		0xDDD5,0xE616,0xE5D5,0xD594,0xCD12,0xC4B0,0xB42E,0xB42E,0xBC70,0xD513,
		0xD553,0xCCF2,0xCCB1,0xCCB1,0xCCD2,0xCCF2,0xB44F,0xA3CD,0x9B8D,0x9B8D,
		0xA3CE,0xAC0F,0xAC2F,0xAC0F,0xA3CD,0xA3ED,0xAC4F,0xB470,0xBCB1,0xC4F3,
		0xC534,0xC554,0xBD34,0x3166,0x18C4,0x1905,0x1925,0x2145,0x3186,0x3166,
		0x3187,0x9D56,0xDFDF,0xD7DF,0xD7DF,0xD7BF,0xD7BF,0xD7DF,0xDFDF,0xDFFF,
		0xDFFF,0xDFFF,0xDFFF,0xDFFF,0xDFFF,0xDFFF,0xDFFF,0xDFFF,0xDFFF,0xDFFF,
		0x8D97,0x8D77,0x8557,0x8557,0x8557,0x8D58,0x8D78,0x8D78,0x8D78,0x8D98,
		0x8D98,0x8D98,0x8D98,0x8D98,0x8D99,0x8D99,0x9598,0x9DB8,0xADD8,0xC5F8,
		0xC5F8,0xC5D8,0xDE59,0xB491,0x936C,0x830B,0x6268,0x7B0B,0x8B2B,0x93AE,
		0x6248,0x3124,0x2904,0x20E3,0x20C3,0x20C3,0x4165,0x59C6,0x8B2B,0xB490,
		0xCD53,0xDDB4,0xDDB4,0xD573,0xCD12,0xC4B0,0xBC6F,0xC490,0xCCF2,0xD553,
		0xDD95,0xDD74,0xD553,0xD553,0xCCF2,0xBC90,0xB470,0xAC2F,0xA3EE,0xA40E,
		0xAC2F,0xAC50,0xB471,0xAC50,0xA42F,0xA42F,0xAC2F,0xAC70,0xB491,0xBCD2,
		0xC513,0xC554,0xA471,0x2104,0x18E4,0x1905,0x2105,0x2926,0x3186,0x2966,
		0x39E8,0xA5B8,0xD7BF,0xD7FF,0xD7DF,0xD7BF,0xD7BF,0xD7DF,0xDFFF,0xDFFF,
		0xDFFF,0xDFFF,0xDFFF,0xDFFF,0xDFFF,0xDFFF,0xDFFF,0xDFFF,0xDFFF,0xDFFF,
		0x8556,0x8536,0x7D16,0x7D16,0x7D16,0x8517,0x8537,0x8537,0x8557,0x8D78,
		0x8D78,0x8D78,0x8D57,0x8558,0x8558,0x8558,0x8D78,0x9D98,0xADB7,0xC5F7,
		0xBDD7,0xC619,0xD639,0xAC70,0x936C,0x72AA,0x5A48,0x7B0B,0x8B4C,0x93AE,
		0x5A07,0x3124,0x2904,0x20E3,0x20C3,0x20C3,0x4165,0x59E6,0x82EA,0xAC2F,
		0xC4F2,0xCD53,0xD573,0xD552,0xCD11,0xCCD1,0xCCD1,0xC4B0,0xD533,0xDDB4,
		0xDDD5,0xD5B5,0xD5B4,0xD594,0xCD32,0xBC90,0xB44F,0xAC6F,0xAC4F,0xB490,
		0xB4B1,0xB491,0xB491,0xAC71,0xA450,0xAC50,0xAC50,0xAC50,0xB470,0xBCD2,
		0xC4F2,0xC554,0x7B6D,0x18C3,0x1905,0x1905,0x28E5,0x2926,0x3186,0x2965,
		0x4AAB,0xA5B9,0xD7BF,0xD7FF,0xD7BF,0xD7BF,0xD7DF,0xD7DF,0xDFFF,0xDFFF,
		0xDFFF,0xDFFF,0xDFFF,0xDFFF,0xDFFF,0xDFFF,0xDFFF,0xDFFF,0xDFFF,0xDFFF,
		0x8536,0x7D15,0x7CF5,0x7CD5,0x7CF6,0x7CF6,0x7CF6,0x7CF6,0x8516,0x8557,
		0x8D78,0x8D78,0x8537,0x8537,0x7D17,0x8517,0x8D58,0x9D97,0xAD97,0xC5F7,
		0xBDB6,0xD67A,0xCE18,0xAC70,0x934C,0x6248,0x5A28,0x832C,0x8B4C,0x8B6D,
		0x49A6,0x3124,0x2904,0x20E3,0x20C3,0x20C3,0x3123,0x51E6,0x72A9,0x9BCD,
		0xBC90,0xC4F1,0xCD12,0xCD32,0xCD11,0xCD11,0xC511,0xBCD0,0xCD52,0xD5B4,
		0xDDD5,0xD5B4,0xD5B4,0xD593,0xCD12,0xB46F,0xAC2E,0xAC4F,0xAC2F,0xAC2F,
		0xB470,0xB491,0xB471,0xAC50,0xA42F,0xA42F,0xAC50,0xAC70,0xB491,0xBCD2,
		0xC513,0xBD54,0x5208,0x18A3,0x1905,0x2105,0x2905,0x2926,0x3186,0x3165,
		0x5B0D,0xA5D9,0xCF7E,0xCFDF,0xD7BF,0xD7BF,0xD7DF,0xD7DF,0xDFFF,0xDFFF,
		0xDFFF,0xDFFF,0xDFFF,0xDFFF,0xDFFF,0xDFFF,0xDFFF,0xDFFF,0xDFFF,0xDFFF,
		0x7D15,0x7CF5,0x7CF5,0x74D5,0x7CD5,0x7CF6,0x7CF6,0x7CF6,0x8516,0x8D57,
		0x8D98,0x8D78,0x8537,0x7D37,0x7D17,0x8517,0x9557,0xA577,0xB597,0xC5D7,
		0xBDD7,0xDEDC,0xC5D7,0xAC50,0x830B,0x6207,0x5A28,0x834C,0x8B2C,0x832C,
		0x4165,0x3124,0x2904,0x20E3,0x20C3,0x20E3,0x20A2,0x49A6,0x6A68,0x936C,
		0xAC2F,0xBC90,0xC4F1,0xCD11,0xCD11,0xC4B0,0xB44F,0xABED,0xAC0E,0xC4B1,
		0xCCF2,0xCD12,0xD532,0xDD32,0xCC90,0xBBEE,0xB3CD,0xB3CD,0xB3EF,0xB40F,
		0xB430,0xAC2F,0x9B8D,0x8B0B,0x936C,0xA3CE,0xAC50,0xB491,0xB4B1,0xBCF2,
		0xC554,0xA491,0x20E4,0x18E4,0x2105,0x2105,0x2925,0x3126,0x3166,0x3185,
		0x5AEC,0xADD9,0xC75E,0xD7DF,0xD7BF,0xD7BF,0xD7BF,0xD7DF,0xDFDF,0xDFFF,
		0xDFFF,0xDFFF,0xDFFF,0xDFFF,0xDFFF,0xDFFF,0xDFFF,0xDFFF,0xDFFF,0xDFFF,
		0x7D15,0x7D15,0x7CF5,0x74D5,0x7CD5,0x7CF6,0x7CF6,0x7CF6,0x8516,0x8D57,
		0x8D98,0x8D98,0x8557,0x7D36,0x7D16,0x8537,0x9557,0xA577,0xB597,0xC5B6,
		0xC5F7,0xDEDB,0xBD76,0xA40F,0x7ACA,0x59E6,0x5A28,0x7B0B,0x8B2C,0x7AEA,
		0x4165,0x3124,0x2903,0x20E3,0x20C3,0x20C3,0x20A3,0x3124,0x6248,0x8B0B,
		0xA3CE,0xB46F,0xBCB0,0xC4F1,0xCD11,0xBC4F,0x930A,0x7A06,0x7A27,0x9AEA,
		0xAB6D,0xB38D,0xBB8D,0xBB6D,0xB30C,0xB2CB,0xA28A,0x9A69,0x9ACB,0x9B0C,
		0x9B0C,0x82AA,0x61C6,0x61E6,0x7AA9,0x9BCD,0xB470,0xBCB1,0xBCD2,0xBD13,
		0xC554,0x5AAA,0x18C3,0x18E4,0x2105,0x2104,0x2925,0x3146,0x3166,0x3165,
		0x52AB,0xADFA,0xC71D,0xD7DF,0xD7BF,0xD7BF,0xD7BF,0xD7DF,0xD7DF,0xDFFF,
		0xDFFF,0xDFFF,0xDFFF,0xDFFF,0xDFFF,0xDFFF,0xDFFF,0xDFFF,0xDFFF,0xDFFF,
		0x7D15,0x7D15,0x7CF5,0x74D5,0x7CD5,0x7CF6,0x7CF6,0x7CF6,0x8516,0x8D57,
		0x8D98,0x8D98,0x8557,0x7D36,0x7D16,0x8537,0x9557,0xAD77,0xBD97,0xC5B6,
		0xCE18,0xDEDB,0xBD76,0x9BEE,0x7A89,0x51C6,0x5A48,0x7AEA,0x8B2C,0x7289,
		0x4144,0x3124,0x2903,0x20E3,0x20C3,0x18C3,0x20C3,0x2082,0x51C6,0x7AC9,
		0x9B8C,0xAC4F,0xBCB0,0xC4F1,0xC4F1,0xB42E,0x8AC9,0x930A,0xBC0E,0xC470,
		0xD4D2,0xC3EF,0xB2EC,0xAA8B,0xA22A,0xA209,0x99C8,0x89A8,0x8A09,0x926A,
		0x9AEC,0x930B,0x930B,0x82C9,0x8B0A,0xA3CD,0xBC90,0xBCB1,0xBCF3,0xC534,
		0x9C30,0x2104,0x18E4,0x2125,0x2105,0x2104,0x2924,0x3146,0x3145,0x39A6,
		0x5ACC,0xB5FA,0xB69C,0xD7DF,0xD7BF,0xD7BF,0xD7BF,0xD7DF,0xD7DF,0xDFFF,
		0xDFFF,0xDFFF,0xDFFF,0xDFFF,0xDFFF,0xDFFF,0xDFFF,0xDFFF,0xDFFF,0xDFFF,
		0x7D15,0x7D15,0x7CF5,0x74D5,0x7CD6,0x7CF6,0x7CF6,0x7CF6,0x8516,0x8D57,
		0x8D98,0x8D98,0x8557,0x7D36,0x7D16,0x8537,0x9557,0xAD97,0xBD96,0xC5B6,
		0xCE59,0xDEDC,0xBD55,0x93AD,0x6A48,0x51A6,0x5A07,0x7AEB,0x832B,0x6A48,
		0x3924,0x3104,0x28E3,0x20E3,0x20C3,0x18C3,0x18A3,0x1862,0x30E3,0x6A47,
		0x8B2B,0xA3ED,0xB46F,0xBCB0,0xBCB0,0xAC2E,0xA3ED,0xB46F,0xCD12,0xD533,
		0xD533,0xD4D2,0xCC31,0xC38E,0xB2CC,0xAA6B,0xA24A,0x9A4A,0x9A8B,0xA30D,
		0xAB8E,0xABCE,0xABCE,0x9B6C,0x9B8C,0xA3CD,0xB470,0xBCB1,0xBCF2,0xB4D2,
		0x49C7,0x18C3,0x1904,0x2105,0x2105,0x2104,0x2924,0x3145,0x3145,0x3986,
		0x5AED,0xB61A,0xBEBC,0xCF9F,0xD7BF,0xD7BF,0xD7BF,0xD7DF,0xD7DF,0xDFFF,
		0xDFFF,0xDFFF,0xDFFF,0xDFFF,0xDFFF,0xDFFF,0xDFFF,0xDFFF,0xDFFF,0xDFFF,
		0x8516,0x7CF6,0x7CD5,0x74D6,0x74D6,0x7CF6,0x74F6,0x7516,0x8536,0x8D77,
		0x9598,0x9598,0x8557,0x7D37,0x7D17,0x8D16,0x9D56,0xB5B7,0xB596,0xBD96,
		0xCE38,0xDEBA,0xB4F3,0x8B4C,0x6228,0x49A6,0x5A07,0x72CA,0x8B4C,0x6227,
		0x3924,0x3104,0x28C3,0x20E3,0x20C3,0x20C3,0x18C3,0x1082,0x1882,0x4185,
		0x72A9,0x936B,0xAC0D,0xBC6E,0xBC6F,0xB46F,0xBC8F,0xC4F1,0xCD33,0xD594,
		0xDDB5,0xD574,0xD4F1,0xC42F,0xB32C,0xAAAA,0x9A69,0x928A,0x9B2C,0xA3AE,
		0xB450,0xB470,0xAC0F,0xA3CE,0xA3CE,0xA40E,0xB46F,0xB490,0xB4D2,0x6AEB,
		0x20C3,0x18E3,0x2104,0x2104,0x20E4,0x2904,0x3145,0x3145,0x3965,0x3186,
		0x52CB,0xADD8,0xBEDD,0xC77E,0xD7BF,0xD7BF,0xD7BF,0xD7BF,0xDFDF,0xDFFF,
		0xDFFF,0xDFFF,0xDFFF,0xDFFF,0xDFFF,0xDFFF,0xDFFF,0xDFFF,0xE7FF,0xDFFF,
		0x8516,0x7CF6,0x7CD5,0x74D6,0x74D6,0x7CF6,0x74F6,0x7516,0x8536,0x8D77,
		0x9597,0x9598,0x8557,0x7D37,0x8517,0x8D36,0xA597,0xB5B7,0xBDB6,0xBD95,
		0xD679,0xD67A,0xACB1,0x82EA,0x6228,0x49A7,0x51E7,0x72CA,0x8B4C,0x51C6,
		0x30E3,0x3104,0x20C3,0x20E3,0x20E3,0x20C3,0x18C3,0x1083,0x18A2,0x28E3,
		0x51E6,0x7AC9,0x9B8B,0xB42E,0xBC6F,0xC4B0,0xC4D0,0xCD12,0xCD53,0xD574,
		0xDDB5,0xDDB4,0xD573,0xD4D1,0xC3EE,0xB34C,0xA30C,0xA32C,0xABAE,0xBC70,
		0xBCB1,0xB490,0xAC2F,0xAC0F,0xAC2F,0xB470,0xAC70,0xB4B1,0x838D,0x20E3,
		0x18E3,0x18E3,0x2104,0x2104,0x20E4,0x2904,0x3145,0x3145,0x3165,0x3186,
		0x52AB,0xA5B8,0xC71D,0xC73E,0xD7BF,0xD7BF,0xD7BF,0xD7BF,0xDFDF,0xDFFF,
		0xDFFF,0xDFFF,0xDFFF,0xDFFF,0xDFFF,0xDFFF,0xDFFF,0xDFFF,0xDFFF,0xDFFF,
		0x8516,0x7CF6,0x7CD5,0x74D6,0x74D6,0x7CF6,0x74F6,0x7516,0x8536,0x8D77,
		0x9597,0x9598,0x8557,0x7D37,0x8517,0x8D36,0xADB7,0xB5B7,0xBDB6,0xBDB6,
		0xD679,0xDE9A,0xA470,0x7AA9,0x6207,0x4986,0x51C6,0x72A9,0x8B4C,0x51A5,
		0x30E3,0x28E3,0x20C3,0x20C3,0x20E3,0x20C3,0x18C3,0x1082,0x18A3,0x28E3,
		0x3944,0x6226,0x8B09,0xA3CC,0xBC6F,0xC4D0,0xCCF1,0xCD12,0xCD32,0xD553,
		0xD594,0xD594,0xCD12,0xBC70,0xB3EE,0xAB8D,0xA36D,0xABAE,0xABEF,0xB470,
		0xBC91,0xB470,0xAC2F,0xAC2F,0xB470,0xB490,0xB490,0x9C2F,0x3964,0x18C3,
		0x18E3,0x18E3,0x2104,0x2104,0x2104,0x2924,0x3145,0x3145,0x3145,0x3986,
		0x52AB,0x9D56,0xC71E,0xC75F,0xD7BF,0xD7BF,0xD7BF,0xD7BF,0xDFDF,0xDFFF,
		0xDFFF,0xDFFF,0xDFFF,0xDFFF,0xDFFF,0xDFFF,0xDFFF,0xDFFF,0xDFFF,0xDFFF,
		0x8516,0x7CF6,0x7CD5,0x74D6,0x74D6,0x7CF6,0x74F6,0x7516,0x8536,0x8D77,
		0x95B8,0x9598,0x8577,0x8537,0x8517,0x9557,0xADB7,0xB5B6,0xBD96,0xC5B6,
		0xD659,0xD658,0x9C2F,0x7A88,0x59C6,0x4966,0x49A6,0x72CA,0x834C,0x4964,
		0x30E3,0x28E4,0x20C3,0x20C3,0x20C3,0x20C3,0x18A3,0x1083,0x1082,0x20C3,
		0x3944,0x51A4,0x7267,0x934B,0xAC0E,0xC4D0,0xCD12,0xCD12,0xCD32,0xCD53,
		0xCD53,0xCD53,0xC4F1,0xB46F,0xABEE,0xA3AD,0x9B8D,0xA3AE,0xAC0F,0xB450,
		0xB450,0xAC50,0xAC50,0xAC70,0xB491,0xB491,0xAC70,0x49E7,0x18A2,0x10C3,
		0x10E3,0x18E3,0x1904,0x2104,0x2104,0x2924,0x3145,0x3145,0x3986,0x3986,
		0x52AB,0x9536,0xC71D,0xC75F,0xCF9F,0xD7BF,0xD7BF,0xD7BF,0xDFDF,0xDFFF,
		0xDFFF,0xDFFF,0xDFFF,0xDFFF,0xDFFF,0xDFFF,0xDFFF,0xDFFF,0xDFFF,0xDFFF,
		0x8516,0x7CF6,0x7CD5,0x74D6,0x74D6,0x7CF6,0x74F6,0x7516,0x8536,0x8D77,
		0x95B8,0x9598,0x8577,0x8537,0x8536,0x9D77,0xAD97,0xB5B6,0xBDB6,0xC5B6,
		0xD658,0xD638,0x9C0E,0x6A27,0x59C6,0x4165,0x4985,0x7AEA,0x832B,0x4964,
		0x30E3,0x28E4,0x20C3,0x20C3,0x20C3,0x20C3,0x18A3,0x1083,0x1082,0x20C3,
		0x3924,0x51A4,0x6205,0x7AA8,0x9BAC,0xB46F,0xCCF1,0xCD32,0xCD53,0xCD53,
		0xCD53,0xD553,0xC4D1,0xB470,0xAC0F,0xAC0F,0xABEF,0xA3EF,0xA40E,0xAC2F,
		0xAC2F,0xAC50,0xB490,0xB4B1,0xAC90,0xAC70,0x6289,0x1882,0x18C3,0x18C3,
		0x10E3,0x18E3,0x1904,0x2104,0x2104,0x2924,0x3125,0x41C7,0x41E7,0x3166,
		0x4A8A,0x8CF4,0xBEDD,0xCF7F,0xCF9F,0xD7BF,0xD7BF,0xD7BF,0xDFDF,0xDFFF,
		0xDFFF,0xDFFF,0xDFFF,0xDFFF,0xDFFF,0xDFFF,0xDFFF,0xE7FF,0xE7FF,0xE7FF,
		0x8516,0x7CF6,0x7CD5,0x74D6,0x74D6,0x7CF6,0x74F6,0x7516,0x8536,0x8D77,
		0x95B8,0x9598,0x8577,0x8537,0x8D37,0x9D77,0xAD97,0xB5B6,0xC5B6,0xC5D6,
		0xD658,0xCE17,0x93CD,0x6A06,0x59A5,0x4145,0x4985,0x7AEA,0x7AEA,0x4944,
		0x30E3,0x28E4,0x20C3,0x20C3,0x20C3,0x20C3,0x18A3,0x1083,0x1082,0x20C3,
		0x3124,0x4984,0x6A26,0x7267,0x82EA,0xABED,0xC4B0,0xD553,0xD573,0xD594,
		0xD594,0xDD94,0xCCF2,0xBC91,0xB450,0xAC50,0xAC30,0xAC2F,0xA42F,0xAC2F,
		0xB450,0xB470,0xB4B1,0xACB0,0xAC70,0x7B0B,0x20C2,0x18A3,0x10A3,0x18C4,
		0x18E4,0x18E3,0x1904,0x2104,0x2104,0x2904,0x2925,0x41C7,0x49E7,0x3145,
		0x4A8A,0x84B3,0xBEBC,0xCF7F,0xCF7F,0xD7BF,0xD7BF,0xD7BF,0xDFDF,0xDFFF,
		0xDFFF,0xDFFF,0xDFFF,0xDFFF,0xDFFF,0xDFFF,0xE7FF,0xEFFF,0xEFFF,0xEFFF,
		0x8516,0x7CF5,0x7CD5,0x74D6,0x74F6,0x74F6,0x74F6,0x7516,0x8537,0x8D77,
		0x9598,0x9598,0x8D77,0x8537,0x8D36,0x9D97,0xAD96,0xB596,0xC5B5,0xC5F6,
		0xDE78,0xCDB5,0x938C,0x6A26,0x51A5,0x4165,0x4985,0x7AEA,0x72C9,0x4964,
		0x3103,0x30E3,0x20C3,0x20C2,0x20E3,0x18C3,0x18C3,0x10A3,0x1082,0x20C2,
		0x3124,0x4985,0x6A47,0x7AC9,0x7288,0x8B2A,0xB44F,0xCD11,0xD573,0xD573,
		0xD594,0xDD74,0xCD12,0xC4B1,0xB450,0xB42F,0xAC2F,0xAC2F,0xAC4F,0xAC50,
		0xB470,0xB491,0xB4B1,0xAC90,0x834C,0x2903,0x18A2,0x18A3,0x10A3,0x18C3,
		0x18C3,0x18E3,0x18E3,0x2104,0x2104,0x2924,0x2925,0x3965,0x41C6,0x3145,
		0x526A,0x7BF1,0xB67B,0xCF9F,0xCF7F,0xD7BF,0xD7BF,0xD7DF,0xDFDF,0xDFFF,
		0xDFFF,0xDFFF,0xDFFF,0xE7FF,0xEFFF,0xEFFF,0xF7FF,0xF7FF,0xF7FF,0xF7FF,
		0x8516,0x7CF5,0x7CD5,0x74D6,0x74F6,0x74F6,0x74F6,0x7CF6,0x8537,0x8D78,
		0x9598,0x9598,0x8D77,0x8557,0x8D56,0x9D97,0xA576,0xB595,0xBD95,0xC5D6,
		0xE6B9,0xC553,0x936B,0x6A26,0x51C6,0x3964,0x4164,0x72C9,0x72A9,0x4964,
		0x3903,0x3103,0x20E3,0x18C2,0x20E3,0x18C3,0x18C3,0x10A2,0x1082,0x20C2,
		0x3124,0x4985,0x6227,0x7AC9,0x7AC9,0x7A88,0x934B,0xB46F,0xC4F1,0xCD32,
		0xD553,0xD553,0xCD12,0xC4B0,0xB44F,0xAC0F,0xAC0F,0xAC0F,0xAC2F,0xB470,
		0xB491,0xB4B1,0xAC50,0x832C,0x4165,0x28E3,0x18A3,0x18C3,0x10C3,0x18C3,
		0x18C3,0x18C3,0x18E3,0x2104,0x2124,0x2925,0x2924,0x3145,0x39A6,0x2944,
		0x5269,0x6B2E,0xB63A,0xCF7F,0xD77F,0xD79F,0xD7BF,0xDFDF,0xDFDF,0xDFFF,
		0xDFFF,0xDFFF,0xE7FF,0xEFFF,0xF7FF,0xFFFF,0xFFFF,0xFFFF,0xFFFF,0xFFFF,
		0x8516,0x7CF5,0x7CD5,0x74D6,0x74F6,0x74F6,0x74F6,0x7CF6,0x8537,0x8D78,
		0x9598,0x9598,0x8D77,0x8557,0x8D57,0x9D77,0xA575,0xB595,0xBDB5,0xC5D6,
		0xDEB9,0xC532,0x8B2A,0x6A06,0x4985,0x4165,0x4164,0x72A9,0x7288,0x4964,
		0x3903,0x3104,0x28E3,0x20E2,0x20E3,0x18C3,0x18C3,0x10A2,0x10A2,0x20C2,
		0x3124,0x4985,0x6207,0x7AC9,0x830A,0x7AC8,0x7AA8,0x936B,0xB44F,0xC4D1,
		0xC511,0xCD12,0xC4D1,0xB46F,0xAC2E,0xAC0E,0xAC0F,0xABEF,0xAC2F,0xB470,
		0xB470,0xAC30,0x7B0B,0x4124,0x3944,0x2903,0x18A3,0x18C3,0x10C3,0x18C3,
		0x18C3,0x18C3,0x18E3,0x2104,0x2104,0x2924,0x2904,0x3125,0x3985,0x2944,
		0x41A7,0x6B2D,0xADB8,0xCF5E,0xCF7F,0xD79F,0xD79F,0xD7BF,0xDFDF,0xDFFF,
		0xDFFF,0xDFFF,0xE7FF,0xF7FF,0xFFFF,0xFFFF,0xFFFF,0xFFFF,0xFFFF,0xFFFF,
		0x8516,0x7CF5,0x7CD5,0x74D6,0x74F6,0x74F6,0x74F6,0x7CF6,0x8537,0x8D78,
		0x95B8,0x9598,0x8D77,0x8557,0x8D57,0x9D76,0xA575,0xB595,0xBD95,0xC616,
		0xDE98,0xBCF1,0x8AE9,0x69E6,0x4985,0x4185,0x4965,0x72A9,0x6A48,0x4964,
		0x3924,0x3124,0x28E3,0x20E3,0x20E3,0x18C3,0x18C3,0x1082,0x18A2,0x20E3,
		0x3103,0x4965,0x59E6,0x72A9,0x830A,0x82E9,0x82C9,0x82E9,0x8B2A,0xA3CD,
		0xAC2E,0xB48F,0xB46F,0xAC2F,0xAC0E,0xA3EE,0xA3CE,0xA3CE,0xA3EE,0xA40E,
		0x93AD,0x6A89,0x4123,0x4144,0x4985,0x2903,0x18A3,0x18C3,0x10C3,0x18C3,
		0x18C3,0x18C3,0x18E3,0x2104,0x2104,0x2904,0x2904,0x3125,0x3165,0x3145,
		0x3145,0x5A6B,0x9D15,0xCF5E,0xCF7F,0xCF5E,0xCF5E,0xD77F,0xD79F,0xDFDF,
		0xE7DF,0xE7FF,0xEFFF,0xF7FF,0xFFFF,0xFFFF,0xFFFF,0xFFFF,0xFFFF,0xFFFF,
		0x8516,0x7CF5,0x7CD5,0x74D6,0x74F6,0x74F6,0x74F6,0x7CF6,0x8537,0x8D98,
		0x95B8,0x9598,0x8D77,0x8557,0x8D56,0x9535,0xA575,0xB575,0xBD95,0xCE17,
		0xDE78,0xB4B0,0x82C9,0x69E6,0x5185,0x49A6,0x4985,0x6A68,0x6A47,0x4964,
		0x4144,0x3924,0x2903,0x2903,0x20E3,0x20C3,0x20C3,0x1882,0x18A2,0x28E3,
		0x3124,0x4144,0x59C6,0x7268,0x82EA,0x82E9,0x82E9,0x8B0A,0x8B0A,0x82E9,
		0x82E9,0x8B2A,0x936B,0x938C,0x936C,0x936C,0x936C,0x936C,0x8B4B,0x7AE9,
		0x6227,0x4964,0x4123,0x51A6,0x4185,0x2903,0x18A3,0x18C3,0x18C3,0x18E4,
		0x18E3,0x18C3,0x2104,0x2104,0x2104,0x20E4,0x2904,0x3125,0x3986,0x3145,
		0x3945,0x5229,0x8C52,0xC6FC,0xCF7E,0xC71D,0xCF3D,0xD77E,0xDF9F,0xE7BF,
		0xEFDF,0xEFFF,0xF7FF,0xF7FF,0xFFFF,0xFFFF,0xFFFF,0xFFFF,0xFFFF,0xFFFF,
		0x8516,0x7CF5,0x7CD5,0x74D6,0x74F6,0x74F6,0x74F6,0x7CF6,0x8537,0x8D98,
		0x95B8,0x9598,0x8D77,0x8557,0x8D56,0x9535,0xA596,0xB595,0xBD95,0xCE17,
		0xD637,0xB470,0x82A9,0x69E6,0x5185,0x51A6,0x4965,0x6A27,0x7248,0x4944,
		0x4124,0x4145,0x3124,0x2903,0x28E3,0x20E3,0x20C3,0x18A3,0x18A3,0x2903,
		0x3124,0x4164,0x59C6,0x6A68,0x7AE9,0x82E9,0x82E9,0x8B0A,0x8B2A,0x8B0A,
		0x82C9,0x7AA8,0x7AA8,0x7AC9,0x7AC9,0x82EA,0x82EA,0x7ACA,0x7288,0x6A47,
		0x6206,0x4985,0x4164,0x51C6,0x4185,0x2924,0x18C3,0x18C3,0x18C3,0x18E3,
		0x18C3,0x18E3,0x18E3,0x20E4,0x2104,0x20E4,0x2904,0x3125,0x3145,0x41A6,
		0x3924,0x4986,0x7BAF,0xBE7A,0xD77E,0xCF3D,0xD75E,0xE79F,0xEFBF,0xF7DF,
		0xF7FF,0xF7FF,0xF7FF,0xFFFF,0xFFFF,0xFFFF,0xFFFF,0xFFFF,0xFFFF,0xFFFF,
		0x8516,0x7CF5,0x74D5,0x74D6,0x74F6,0x74F6,0x74F6,0x7CF6,0x8537,0x8D98,
		0x95B8,0x9598,0x8D77,0x8557,0x8D56,0x9535,0xAD96,0xB595,0xBD95,0xCE37,
		0xD5F6,0xAC2F,0x7A88,0x69E6,0x59C6,0x51A6,0x4965,0x6207,0x7268,0x5164,
		0x4124,0x4145,0x3945,0x3103,0x28E3,0x28E3,0x20C3,0x18A3,0x18C3,0x2903,
		0x3924,0x4165,0x5185,0x6227,0x7AA9,0x82E9,0x82E9,0x8B0A,0x8B2A,0x934B,
		0x8B2A,0x830A,0x8309,0x82E9,0x82EA,0x82EA,0x830A,0x7ACA,0x72C9,0x6A88,
		0x6227,0x4984,0x51A6,0x49A6,0x49A6,0x3124,0x18C3,0x18A3,0x18E4,0x18E3,
		0x18C3,0x18E3,0x18E3,0x20E3,0x2104,0x20E4,0x2904,0x2904,0x3145,0x3986,
		0x3945,0x4166,0x5AAA,0xADD7,0xD73D,0xDF7E,0xE7BF,0xF7DF,0xF7DF,0xFFFF,
		0xFFFF,0xFFFF,0xFFFF,0xFFFF,0xFFFF,0xFFFF,0xFFFF,0xFFFF,0xFFFF,0xFFFF,
		0x7D15,0x74F5,0x74D5,0x74D5,0x74D6,0x74D6,0x74F6,0x7CF6,0x8537,0x9578,
		0x9D98,0x9598,0x8D77,0x8557,0x8D37,0x9536,0xAD96,0xBD96,0xBD95,0xD658,
		0xD5D5,0xAC0D,0x7A87,0x59C6,0x59C7,0x51A6,0x4964,0x59E6,0x7AA9,0x5164,
		0x4123,0x4144,0x4145,0x3904,0x30E3,0x28E3,0x20C3,0x18A2,0x20C3,0x28E3,
		0x3924,0x4165,0x4985,0x6207,0x7289,0x82EA,0x830A,0x82EA,0x8B2B,0x936B,
		0x936B,0x8B4B,0x8B2A,0x8B2A,0x8B2A,0x8B2B,0x8B0B,0x82EA,0x7AC9,0x72A9,
		0x6248,0x4985,0x51C6,0x51C6,0x49A5,0x3124,0x20C3,0x18C3,0x18E3,0x18E3,
		0x18E3,0x1903,0x18E3,0x18E3,0x2104,0x2104,0x2904,0x2904,0x2924,0x3965,
		0x3986,0x3985,0x49E7,0xA4F3,0xCEBB,0xE75E,0xEFBF,0xF7DF,0xFFDF,0xFFDF,
		0xFFFF,0xFFFF,0xFFFF,0xFFFF,0xFFFF,0xFFFF,0xFFFF,0xFFFF,0xFFFF,0xFFFF,
		0x7D15,0x74F5,0x74D5,0x74D5,0x74D6,0x74D6,0x74F6,0x7CF6,0x8537,0x9578,
		0x9D98,0x9598,0x8D77,0x8557,0x8537,0x9536,0xAD97,0xBDB6,0xBD75,0xDE79,
		0xCD94,0xA3AB,0x82A8,0x59C6,0x59E7,0x59C6,0x4964,0x51A5,0x7AC9,0x5184,
		0x4143,0x4144,0x4965,0x3924,0x3103,0x3103,0x20E3,0x18A2,0x20C3,0x3104,
		0x3944,0x4165,0x4985,0x59E6,0x7268,0x7AC9,0x82EA,0x82EA,0x8B0A,0x8B4B,
		0x936C,0x936B,0x934B,0x8B4B,0x8B4B,0x8B2B,0x830A,0x82CA,0x7AE9,0x7AC9,
		0x6A68,0x51C6,0x51C6,0x51E7,0x49C6,0x3944,0x20C3,0x18C3,0x18E3,0x18E3,
		0x18E3,0x1903,0x18E3,0x18E3,0x2104,0x2104,0x2904,0x2904,0x2904,0x3165,
		0x41E7,0x41C7,0x3986,0x734D,0xBDF8,0xD6FC,0xEF7E,0xF79E,0xF7BE,0xFFBE,
		0xF7DE,0xF7BE,0xF7DE,0xFFFF,0xFFFF,0xFFFF,0xFFFF,0xFFFF,0xFFFF,0xFFFF,
		0x7D15,0x74F5,0x74D5,0x74D5,0x74D6,0x74D6,0x74F6,0x7CF6,0x8537,0x9578,
		0x9D98,0x9598,0x8D77,0x8537,0x8536,0x8D36,0xA597,0xBDB7,0xBD75,0xDE58,
		0xCD94,0x9B8B,0x82A8,0x59C6,0x6228,0x6207,0x4964,0x4964,0x7AC9,0x59A5,
		0x4944,0x4964,0x4985,0x4124,0x3903,0x3104,0x28E3,0x18A2,0x18C2,0x3124,
		0x3945,0x4165,0x4985,0x59C6,0x6A48,0x7AA9,0x82EA,0x82EA,0x8B0A,0x8B2B,
		0x8B4B,0x8B4B,0x8B4B,0x8B4B,0x8B2A,0x830A,0x82EA,0x82EA,0x82EA,0x7AEA,
		0x72A9,0x59E6,0x49A5,0x51E7,0x49C6,0x3964,0x20E3,0x18C3,0x18E3,0x18E3,
		0x18E3,0x1903,0x18E3,0x18E3,0x20E4,0x20E4,0x2904,0x2904,0x2924,0x2924,
		0x4A28,0x4A28,0x3985,0x4A08,0xA555,0xCE9A,0xE73D,0xEF7E,0xF79E,0xF79E,
		0xF79E,0xEF9E,0xF7BE,0xF7DF,0xFFFF,0xFFFF,0xFFFF,0xFFFF,0xFFFF,0xFFFF,
		0x7D15,0x74F5,0x74D5,0x74D5,0x74D6,0x74D6,0x74F6,0x7CF6,0x8537,0x9578,
		0x9D98,0x9598,0x8D77,0x8537,0x8537,0x8516,0xA598,0xB5B7,0xBD75,0xD617,
		0xCD94,0xA3AB,0x8287,0x59C5,0x6A48,0x6207,0x4164,0x4143,0x7AC9,0x61C5,
		0x4923,0x4965,0x5185,0x4965,0x3924,0x3103,0x28E3,0x20A2,0x20A2,0x3104,
		0x3965,0x4185,0x51A5,0x51A5,0x6227,0x7A88,0x82EA,0x82EA,0x830A,0x830A,
		0x8B2A,0x8B4B,0x8B4B,0x8B4B,0x8B2B,0x830A,0x82EA,0x8B0B,0x830A,0x7AEA,
		0x72A9,0x5A07,0x4985,0x5207,0x49C6,0x4185,0x20E3,0x18C3,0x18E4,0x18E3,
		0x20E3,0x1903,0x18E3,0x20E3,0x20E4,0x2104,0x2904,0x2904,0x2924,0x2904,
		0x41C7,0x5AAA,0x49E7,0x3985,0x738E,0xC638,0xDEFB,0xF7BE,0xF7BE,0xF7DF,
		0xF7DF,0xF7DE,0xF7DF,0xF7DF,0xFFFF,0xFFFF,0xFFFF,0xFFFF,0xFFFF,0xFFFF,
		0x7D15,0x74F5,0x74D5,0x74D5,0x74D6,0x74D6,0x74F6,0x7CF6,0x8537,0x9578,
		0x9D98,0x9598,0x8D77,0x8537,0x7D37,0x8517,0x9D98,0xB5B7,0xBD75,0xDE58,
		0xC532,0xABCB,0x82A7,0x61C5,0x6207,0x59C6,0x4184,0x38E2,0x7288,0x61E6,
		0x5144,0x5165,0x5165,0x5185,0x4144,0x3903,0x3123,0x20A2,0x20A2,0x28E3,
		0x4165,0x4185,0x51A6,0x51A5,0x61E6,0x7268,0x82C9,0x82EA,0x830A,0x830A,
		0x8B0A,0x8B2A,0x8B4A,0x8B4B,0x8B2A,0x8B2B,0x8B0B,0x8B2B,0x832A,0x7AEA,
		0x72A9,0x6A68,0x51A6,0x49A6,0x51E6,0x41A5,0x2904,0x18C3,0x18E4,0x18E3,
		0x20E3,0x1903,0x18E3,0x20E4,0x20E4,0x2104,0x2904,0x2904,0x2904,0x2904,
		0x2904,0x4A28,0x5249,0x3165,0x41E7,0xB575,0xE6FB,0xFFDF,0xFFDF,0xFFFF,
		0xFFFF,0xFFFF,0xFFFF,0xFFFF,0xFFFF,0xFFFF,0xFFFF,0xFFFF,0xFFFF,0xFFFF,
		0x7D15,0x74F5,0x74D5,0x74D5,0x74D6,0x74D6,0x74F6,0x7CF6,0x8537,0x9578,
		0x9598,0x9598,0x8D57,0x8537,0x7D37,0x8517,0x9558,0xAD97,0xBD95,0xD617,
		0xBCB0,0xABAB,0x8266,0x61C5,0x59C6,0x59C6,0x4184,0x3902,0x6A67,0x6A27,
		0x5164,0x4944,0x5185,0x51A5,0x4965,0x3924,0x3944,0x20C2,0x20A2,0x28E3,
		0x3945,0x4185,0x51A6,0x51A5,0x59C5,0x6A47,0x7AA9,0x82E9,0x830A,0x8B0A,
		0x8B2A,0x8B4B,0x936B,0x936B,0x8B4B,0x8B2B,0x8B4B,0x8B2B,0x832A,0x7AEA,
		0x72C9,0x6A89,0x6248,0x4985,0x49A6,0x41A6,0x2904,0x18C3,0x18E4,0x18E3,
		0x20E3,0x1903,0x18E3,0x20E4,0x20E3,0x20E4,0x28E4,0x2904,0x2924,0x2924,
		0x2903,0x3145,0x4A08,0x41C6,0x3164,0x7BAD,0xDEBA,0xEF7D,0xFFDF,0xF7DF,
		0xF7DF,0xF7DF,0xF7DF,0xFFFF,0xFFFF,0xFFFF,0xFFFF,0xF7FF,0xF7FF,0xF7FF,
		0x7D15,0x74F5,0x74D5,0x74D5,0x74D5,0x74D6,0x74F6,0x7CF6,0x8537,0x8D78,
		0x9598,0x8D78,0x8D57,0x8557,0x7D37,0x8518,0x8D38,0xB597,0xBD74,0xC532,
		0xAC2D,0x9B49,0x7A46,0x6A06,0x59A5,0x59C6,0x4985,0x30E2,0x59E5,0x7267,
		0x5965,0x4924,0x5185,0x59C5,0x51A5,0x3923,0x3924,0x28E3,0x20A2,0x28E3,
		0x3124,0x4165,0x51A6,0x51A5,0x51A5,0x6A27,0x7AA9,0x82C9,0x82EA,0x830A,
		0x8B0A,0x8B2A,0x8B4A,0x8B4B,0x8B4B,0x8B4B,0x936B,0x8B4B,0x832A,0x7AE9,
		0x7AE9,0x72A9,0x6A89,0x6248,0x49A5,0x3965,0x2924,0x18E3,0x18E4,0x18E3,
		0x2103,0x2103,0x18C3,0x20E4,0x20E3,0x20E3,0x20E4,0x2104,0x2924,0x2924,
		0x2904,0x2904,0x3145,0x41C7,0x3144,0x41C6,0xAD54,0xDEBA,0xF7BE,0xF7BE,
		0xF7BE,0xF7BE,0xF7BE,0xF7BF,0xF7DF,0xFFFF,0xF7FF,0xF7FF,0xEFDF,0xE7BE,
		0x7515,0x74F5,0x74D5,0x74B5,0x74D5,0x74D6,0x74D5,0x74D6,0x8537,0x8D58,
		0x9598,0x9578,0x8D57,0x8537,0x8518,0x8518,0x84B6,0x9493,0x9C70,0xBCAF,
		0xAC0C,0x9309,0x7A26,0x6A06,0x59C6,0x51A5,0x4985,0x3122,0x49A4,0x7268,
		0x5985,0x5165,0x5164,0x5184,0x59C6,0x4124,0x3924,0x3945,0x28C3,0x28E2,
		0x3123,0x4185,0x49A6,0x51C6,0x51A5,0x6206,0x7A88,0x82E9,0x82EA,0x830A,
		0x8B0A,0x8B2A,0x8B2A,0x8B4A,0x8B4A,0x936B,0x936B,0x936B,0x8B2A,0x7AE9,
		0x7AE9,0x7AC9,0x72A9,0x6A88,0x5A07,0x3965,0x2903,0x18E4,0x18E4,0x18E3,
		0x18E3,0x18E3,0x18C3,0x18E3,0x18E3,0x18E3,0x18E3,0x2104,0x2104,0x2925,
		0x2925,0x2904,0x2925,0x3165,0x2924,0x2944,0x7B8E,0xD699,0xFFDF,0xFFFF,
		0xFFFF,0xF7DF,0xEFBE,0xEFBE,0xEFDF,0xEFFF,0xEFFF,0xEFDF,0xE79E,0xD77E,
		0x74F5,0x74D5,0x74B5,0x74B5,0x74B5,0x74D6,0x74D6,0x7CD6,0x8517,0x8D58,
		0x8D58,0x8D18,0x84D6,0x7475,0x6414,0x5B72,0x5B2F,0x738E,0xA490,0xAC4D,
		0xABCB,0x8AC8,0x7226,0x69E6,0x59C6,0x4965,0x4985,0x3964,0x4163,0x7AA9,
		0x69E6,0x4944,0x5164,0x5164,0x59E6,0x4985,0x30E3,0x3924,0x3104,0x28C2,
		0x3103,0x4165,0x51A6,0x51C6,0x51A5,0x61E6,0x7268,0x82E9,0x82EA,0x830A,
		0x8B0A,0x8B2A,0x8B2A,0x8B4A,0x8B4A,0x936B,0x936B,0x936B,0x830A,0x7AE9,
		0x7AE9,0x7AC9,0x72A9,0x6A89,0x6268,0x41A6,0x2103,0x2104,0x18E4,0x18E3,
		0x18E3,0x18E3,0x18C3,0x18E3,0x18E3,0x18E3,0x18E3,0x2104,0x2104,0x2924,
		0x2925,0x28E4,0x2904,0x3125,0x3145,0x2904,0x3185,0x738D,0xCE38,0xF7BE,
		0xFFFF,0xFFFF,0xF7FF,0xEFDF,0xE7DF,0xE7DF,0xE7DF,0xE7BF,0xDFBE,0xDFBE,
		0x74F5,0x74D5,0x74B5,0x74B5,0x74B6,0x74D6,0x7CD6,0x7CD6,0x7495,0x6C14,
		0x5BB2,0x5B92,0x5351,0x4B10,0x42CF,0x4AAE,0x4A6B,0x83CE,0xACB0,0xAC4D,
		0xA3AB,0x7A67,0x7226,0x6A06,0x61E6,0x4985,0x4164,0x4185,0x4184,0x7289,
		0x7227,0x5164,0x4943,0x5164,0x61E6,0x6248,0x3103,0x30E3,0x3965,0x30E3,
		0x3103,0x4144,0x51A6,0x59C6,0x51A5,0x59A5,0x7247,0x82E9,0x82EA,0x830A,
		0x8B0A,0x8B2A,0x8B4A,0x8B4A,0x8B4B,0x936B,0x936B,0x934B,0x830A,0x7AE9,
		0x7AE9,0x7ACA,0x72C9,0x72A9,0x6268,0x41C6,0x20E4,0x2104,0x1904,0x18E3,
		0x18E3,0x18C3,0x18C3,0x18C3,0x18E3,0x18E3,0x18E3,0x2104,0x20E4,0x2104,
		0x2904,0x2904,0x28E4,0x3125,0x2924,0x2904,0x2924,0x3985,0x5289,0x736D,
		0xA514,0xDEFB,0xFFFF,0xF7FF,0xE7DF,0xDFBF,0xD7BE,0xDFBE,0xE7DF,0xEFFF,
		0x7CF6,0x74B5,0x74B5,0x74B6,0x74B6,0x7CD6,0x7475,0x63F3,0x4B30,0x4AEF,
		0x4AF0,0x5310,0x42AF,0x322D,0x3A2C,0x420A,0x4A28,0x9C0F,0xAC4E,0xAC4E,
		0x9B8A,0x7A67,0x6A06,0x61E6,0x59E6,0x49A5,0x4164,0x41A5,0x49C6,0x7268,
		0x7A47,0x61A4,0x4922,0x5164,0x59A5,0x72CA,0x4144,0x28A2,0x3124,0x3944,
		0x3924,0x4144,0x51C6,0x59C6,0x59A6,0x59A5,0x6A27,0x82C9,0x82EA,0x830A,
		0x8B2B,0x8B4B,0x934B,0x936B,0x936B,0x938B,0x938B,0x8B4A,0x82E9,0x82E9,
		0x7AEA,0x7B0A,0x7AEA,0x72A9,0x6269,0x4186,0x20E4,0x2105,0x1905,0x18E4,
		0x18E3,0x18C3,0x18C3,0x18C3,0x18E3,0x18E3,0x18E3,0x18E3,0x2104,0x2104,
		0x2104,0x2904,0x28E4,0x2904,0x3145,0x2904,0x2904,0x3145,0x49E7,0x4A28,
		0x39C7,0x4A6A,0x73CF,0xB618,0xD77E,0xDFBF,0xDFBF,0xE7DE,0xEFDF,0xF7FF,
		0x7CF6,0x74B6,0x74B5,0x74B6,0x74B6,0x6C35,0x5BB2,0x4B0F,0x42CE,0x42AE,
		0x322C,0x3A4D,0x320C,0x29CB,0x31A9,0x4A29,0x836D,0x93AD,0xA3EE,0xA40D,
		0x9B8B,0x7246,0x61C5,0x61E6,0x59C6,0x49A6,0x3124,0x49E6,0x49A6,0x6A07,
		0x7A27,0x6A05,0x5143,0x4943,0x4964,0x72A9,0x49A6,0x28E3,0x28C3,0x3924,
		0x3924,0x4165,0x51A6,0x59C6,0x59C6,0x59C5,0x6A27,0x82C9,0x830A,0x8B0A,
		0x8B2B,0x8B4B,0x936B,0x938B,0x938B,0x938B,0x936B,0x8B2A,0x82E9,0x830A,
		0x830A,0x830A,0x7B0A,0x72C9,0x6269,0x3965,0x20E4,0x2105,0x1905,0x18E4,
		0x18E3,0x18C3,0x18C3,0x18C3,0x18C3,0x18C3,0x18C3,0x18E3,0x20E4,0x20E4,
		0x20E4,0x28E4,0x28E4,0x2904,0x3124,0x3124,0x2904,0x2904,0x3965,0x4A08,
		0x39C8,0x31C7,0x31A7,0x3209,0x5B2D,0x9535,0xCF1C,0xEFFF,0xF7FF,0xFFDF,
		0x84F7,0x7CD6,0x7CD6,0x74B6,0x6414,0x4310,0x3ACE,0x2A0B,0x29EA,0x2189,
		0x21A9,0x3A4C,0x426D,0x3A2B,0x39E9,0x736D,0x93CE,0x7AA9,0x9B8D,0xA3CC,
		0x938B,0x6A05,0x61A5,0x59A6,0x59E7,0x49A6,0x3124,0x3985,0x51E7,0x6A07,
		0x7A27,0x7246,0x5983,0x4923,0x4964,0x59E7,0x51E7,0x3124,0x28C2,0x3103,
		0x3924,0x4965,0x51A6,0x59A6,0x59C6,0x61C5,0x6A26,0x82C9,0x8B0A,0x8B0A,
		0x8B2B,0x8B4B,0x936B,0x938B,0x938B,0x938B,0x934B,0x8B2A,0x830A,0x830A,
		0x830A,0x7AEA,0x7AEA,0x6AA9,0x6269,0x3945,0x20C4,0x2105,0x1905,0x18E4,
		0x18E3,0x18C3,0x18C3,0x18C3,0x18C3,0x18C3,0x18C3,0x18E3,0x20E3,0x20E3,
		0x20E3,0x28E4,0x2904,0x28E4,0x2904,0x3124,0x2904,0x28E3,0x3104,0x4186,
		0x39C7,0x2966,0x2987,0x2987,0x29A8,0x31C9,0x428B,0x8CD2,0xE75D,0xFFFF,
		0x8D39,0x8518,0x7496,0x5BB2,0x3AAE,0x2A0C,0x322D,0x320C,0x322B,0x320A,
		0x29CA,0x3A4C,0x42AE,0x426C,0x528B,0x7B8D,0x72EB,0x5A27,0x9BCD,0x9BAB,
		0x936A,0x61C5,0x5184,0x5185,0x51C6,0x4986,0x3945,0x3945,0x51E7,0x6228,
		0x6206,0x7267,0x61E5,0x4923,0x4944,0x4165,0x41A5,0x3943,0x28C1,0x30E3,
		0x3923,0x4964,0x5185,0x5985,0x59C5,0x6206,0x7247,0x82C9,0x8B0A,0x8B0A,
		0x8B2A,0x8B4B,0x936B,0x936B,0x936B,0x936B,0x8B4A,0x8B0A,0x82E9,0x82E9,
		0x7AC9,0x7AC9,0x72A9,0x7289,0x6269,0x3145,0x20E4,0x2105,0x2105,0x20E4,
		0x18C3,0x18C3,0x18C3,0x18C3,0x18C3,0x18C3,0x18C3,0x20C3,0x20E4,0x20E4,
		0x20E3,0x20E3,0x2904,0x20E4,0x20E3,0x2924,0x2924,0x28E3,0x28E3,0x3145,
		0x39A7,0x2925,0x2946,0x2987,0x2987,0x29A8,0x2988,0x29A7,0x52CB,0xA575,
		0x8519,0x6C35,0x4B51,0x3A8E,0x3A8E,0x3A8E,0x3A6D,0x3A4C,0x320B,0x29EA,
		0x29A9,0x29EA,0x4AAD,0x4AAC,0x734D,0x6AEB,0x5208,0x5A48,0x93CD,0x9BAC,
		0x938B,0x59C4,0x4964,0x4964,0x49A6,0x49A6,0x3965,0x3965,0x51C6,0x6248,
		0x59E6,0x6206,0x7247,0x4923,0x4124,0x4965,0x4165,0x4144,0x28C1,0x3923,
		0x4164,0x51A5,0x51A5,0x59A5,0x61E6,0x6A26,0x7287,0x7AC8,0x8309,0x8B0A,
		0x8B2A,0x8B4A,0x934B,0x936B,0x934B,0x8B4A,0x8B4A,0x8B2A,0x8309,0x82E9,
		0x82E9,0x7AC9,0x7ACA,0x72C9,0x6AA9,0x2924,0x2104,0x2105,0x1905,0x20E4,
		0x20C3,0x18C3,0x18C3,0x18C3,0x18C3,0x18C3,0x18C3,0x18C3,0x20E3,0x20E4,
		0x20E3,0x20C3,0x2104,0x2104,0x20E3,0x2904,0x2924,0x2904,0x28E3,0x3104,
		0x3966,0x3145,0x2125,0x2166,0x2987,0x2988,0x2988,0x31C8,0x2987,0x31C8,
		0x6C55,0x42F0,0x3ACF,0x42EF,0x42CF,0x324D,0x320C,0x29EB,0x29CA,0x29A9,
		0x2988,0x31C9,0x3A2B,0x6B4E,0x6B2C,0x628A,0x41C7,0x5AAA,0x8B8D,0x9BCC,
		0x8B4A,0x59C5,0x4123,0x4164,0x4985,0x51C7,0x4186,0x4186,0x49A6,0x6248,
		0x5A07,0x59E6,0x6A47,0x59A5,0x4924,0x4924,0x5165,0x4985,0x3903,0x4144,
		0x49A5,0x59E6,0x59E6,0x6206,0x6A47,0x7267,0x7AA8,0x7AC8,0x82E9,0x82E9,
		0x8B0A,0x8B2A,0x8B4A,0x934B,0x8B4B,0x934B,0x936B,0x938B,0x934B,0x8B4B,
		0x8B4B,0x832B,0x832B,0x830A,0x6289,0x2904,0x2104,0x1905,0x18E4,0x20E4,
		0x20C3,0x18C3,0x18C3,0x18C3,0x18C3,0x18C3,0x18C3,0x18C3,0x20C3,0x20E3,
		0x20E3,0x20C3,0x20E4,0x2904,0x20E3,0x20C3,0x2904,0x3124,0x2904,0x2904,
		0x3124,0x3145,0x2125,0x2125,0x2146,0x2967,0x2968,0x2988,0x29A8,0x29A8,
		0x4B30,0x42CF,0x42CF,0x42AE,0x42AE,0x320B,0x29EB,0x29CA,0x21A9,0x2168,
		0x2967,0x3188,0x39E9,0x7BF0,0x5AAA,0x5249,0x4A29,0x4208,0x836C,0x8B8B,
		0x7AE9,0x59E5,0x3903,0x4165,0x4165,0x51E7,0x4186,0x4186,0x4185,0x5A28,
		0x51E7,0x49A5,0x59C6,0x61E6,0x5164,0x4903,0x5165,0x5185,0x4985,0x4985,
		0x51E6,0x6207,0x6227,0x7248,0x7A88,0x7AC9,0x8B0A,0x8B0A,0x82E9,0x8309,
		0x8B0A,0x8B2A,0x8B2A,0x934B,0x936B,0x9BAC,0x9BAC,0x9BAC,0x938B,0x936B,
		0x8B6B,0x8B4B,0x832B,0x830B,0x5227,0x20E4,0x2105,0x1905,0x18E5,0x18E4,
		0x18C3,0x18C3,0x18C3,0x18C3,0x18C3,0x18C3,0x18C3,0x18C3,0x20C3,0x20C3,
		0x20C3,0x18C3,0x20C3,0x20E4,0x2103,0x20C2,0x20E3,0x2924,0x2904,0x2904,
		0x2904,0x2924,0x2925,0x2125,0x2126,0x2146,0x2947,0x2968,0x2967,0x2988,
		0x3A8E,0x4B30,0x3A6D,0x3A6D,0x428D,0x29EB,0x29CA,0x21A9,0x2168,0x2147,
		0x2947,0x3187,0x5AAB,0x736E,0x6B0C,0x4A49,0x3A09,0x39A7,0x834B,0x832A,
		0x7AC9,0x6227,0x4123,0x4165,0x4186,0x5208,0x49C7,0x49A6,0x4165,0x5207,
		0x51E7,0x4185,0x4144,0x5A06,0x59A5,0x5144,0x5144,0x51A6,0x51E7,0x5A27,
		0x5A07,0x6248,0x6A68,0x7A89,0x82C9,0x82E9,0x8B2A,0x8B4A,0x8B2A,0x8B2A,
		0x8B2A,0x8B2A,0x8B2A,0x936B,0x9B8C,0x9BCC,0x9BCD,0x9BCD,0x9BCC,0x938C,
		0x936B,0x8B6C,0x8B4B,0x830B,0x49C6,0x18E4,0x1905,0x1905,0x1905,0x18E4,
		0x18C3,0x18C3,0x18C3,0x18C3,0x18C3,0x18C3,0x18C3,0x20C3,0x20C3,0x20C3,
		0x20C3,0x18C3,0x20C3,0x20E4,0x2103,0x20E3,0x20C2,0x28E3,0x3124,0x3104,
		0x28E3,0x2904,0x2924,0x2124,0x2125,0x2126,0x2146,0x2167,0x2167,0x2167,
		0x324D,0x4B10,0x322C,0x3A4C,0x3A6D,0x29AA,0x29CA,0x2189,0x1948,0x2107,
		0x2126,0x39C7,0x6B2C,0x630D,0x632D,0x4229,0x2987,0x39A6,0x834B,0x7AC8,
		0x72A8,0x6A68,0x4965,0x4165,0x41A6,0x51E8,0x5207,0x49A6,0x4165,0x49C7,
		0x5208,0x3945,0x28C2,0x4184,0x6206,0x5984,0x4924,0x4985,0x49C6,0x6AAA,
		0x72CA,0x6A68,0x7268,0x7AA9,0x82EA,0x8B0A,0x8B2A,0x934B,0x8B4A,0x8B4A,
		0x934B,0x934B,0x936B,0x938B,0x9BAC,0x9BCC,0x9BCD,0x9BCD,0x9BCC,0x9BAC,
		0x938C,0x938C,0x834B,0x7AEA,0x4165,0x18E4,0x1905,0x18E5,0x10E5,0x18E4,
		0x18E4,0x18C3,0x18C3,0x18C3,0x18C3,0x18C3,0x18C3,0x20C3,0x20C3,0x20C3,
		0x20E3,0x20C3,0x20C3,0x20E3,0x2103,0x20E3,0x20C3,0x20C3,0x3104,0x3124,
		0x28E3,0x2904,0x2904,0x2104,0x1905,0x2105,0x2126,0x2146,0x2146,0x2146,
		0x3A8D,0x428E,0x322C,0x3A4C,0x3A4C,0x29A9,0x29C9,0x2988,0x1927,0x1906,
		0x2105,0x4A28,0x62EB,0x5AED,0x52AC,0x2987,0x2988,0x3986,0x832B,0x7288,
		0x6A88,0x6A88,0x51C6,0x4165,0x41A6,0x51E7,0x5207,0x49C6,0x4186,0x49C7,
		0x5208,0x3104,0x20C2,0x28C2,0x6247,0x61E6,0x5164,0x4965,0x49C6,0x6289,
		0x836C,0x836C,0x72C9,0x72A9,0x82EA,0x8B09,0x8B0A,0x8B2A,0x934A,0x934B,
		0x936B,0x936B,0x938B,0x9BAC,0x9BAC,0x9BAC,0x9BCC,0x9BCC,0x9BAC,0x9BAC,
		0x938C,0x8B6C,0x832B,0x72CA,0x3124,0x2105,0x1905,0x18E5,0x10C4,0x10C4,
		0x18C4,0x18C3,0x18C3,0x18C3,0x18C3,0x18C3,0x18C3,0x20C3,0x20C3,0x18C3,
		0x20C3,0x20C3,0x20C3,0x20C3,0x20E3,0x20E3,0x20E3,0x20C3,0x28E3,0x2904,
		0x28E3,0x28E3,0x2904,0x20E4,0x20E4,0x2105,0x2125,0x1925,0x1925,0x2146,
		0x3A6C,0x322B,0x3A4C,0x424D,0x426C,0x29A9,0x31C9,0x2988,0x1926,0x18E6,
		0x2125,0x5A8A,0x62AA,0x5AED,0x52CD,0x29A9,0x2126,0x3987,0x7B2B,0x72A9,
		0x6248,0x72A9,0x5A07,0x4165,0x4165,0x49C7,0x5207,0x51C6,0x4986,0x51E7,
		0x49E7,0x28E3,0x18C3,0x18A2,0x51C6,0x6A48,0x59A5,0x4144,0x4185,0x6AC9,
		0x7B6C,0x8C0E,0x940F,0x834C,0x7AEA,0x8309,0x8B0A,0x8B2A,0x934A,0x934A,
		0x936B,0x936B,0x938B,0x9BAC,0x9BAC,0x9BAC,0x9BAC,0x9BAC,0x9BAD,0x938C,
		0x936C,0x8B4B,0x832B,0x72EB,0x2925,0x1905,0x18E5,0x18C4,0x18E4,0x18E4,
		0x18E4,0x18E4,0x18C3,0x18C3,0x20C3,0x18C3,0x18C2,0x18C3,0x20C3,0x18C3,
		0x18C3,0x20C3,0x18C3,0x20C3,0x20E3,0x2103,0x20E3,0x18C2,0x20E3,0x2904,
		0x2903,0x20C2,0x28E3,0x2903,0x20E4,0x1905,0x1926,0x1905,0x2126,0x2126,
		0x3A2B,0x3A4C,0x3A4C,0x426D,0x426D,0x31EA,0x31C9,0x2988,0x1906,0x18E5,
		0x3166,0x62CB,0x62CB,0x52CC,0x4A8C,0x31EA,0x2147,0x3986,0x7B2B,0x6A89,
		0x6248,0x6228,0x6248,0x51C6,0x4145,0x49A6,0x5A48,0x51E7,0x49A6,0x5208,
		0x49C7,0x20C3,0x18C3,0x18A2,0x3903,0x6A68,0x6227,0x4964,0x4985,0x6AEA,
		0x7B8C,0x8BEE,0x944F,0xA470,0x93EE,0x834B,0x830A,0x8B4B,0x8B4B,0x936B,
		0x936B,0x938B,0x938C,0x938C,0x93AC,0x938C,0x9BAC,0x9BAC,0x938C,0x938C,
		0x936C,0x8B6C,0x9410,0x8BF0,0x2105,0x1905,0x18E5,0x18C4,0x10C4,0x18E4,
		0x18E4,0x18E4,0x18C3,0x18C3,0x20C3,0x20C3,0x18C2,0x18C3,0x20C3,0x18C3,
		0x20C3,0x18C3,0x20C3,0x18C3,0x20E3,0x2103,0x20E3,0x18C2,0x20E3,0x2103,
		0x2904,0x20C2,0x20E3,0x20E3,0x20E4,0x1905,0x1926,0x18E5,0x1905,0x2126,
		0x31EA,0x320B,0x320B,0x428D,0x42AE,0x322B,0x29CA,0x2989,0x2147,0x2105,
		0x3987,0x62AA,0x6AEB,0x4A8B,0x4AAC,0x31EA,0x2967,0x39A7,0x7B0B,0x72A9,
		0x5A07,0x51C6,0x6A89,0x6248,0x4185,0x49C6,0x5A48,0x5A07,0x4986,0x51E8,
		0x4186,0x28E3,0x18A2,0x20C2,0x28C3,0x4185,0x72CA,0x51C6,0x4144,0x6ACA,
		0x838D,0x8BEE,0x9450,0xA491,0xAC91,0xA491,0x940F,0x836C,0x834B,0x8B6B,
		0x936B,0x938B,0x938C,0x8B8B,0x8B8C,0x938C,0x938C,0x938C,0x938C,0x936C,
		0x93AD,0xA471,0xB555,0x736F,0x1905,0x2105,0x18E5,0x10C4,0x10C4,0x18E4,
		0x18E4,0x18E4,0x18C3,0x18C3,0x20A3,0x20C3,0x18C2,0x18C3,0x20C3,0x18C3,
		0x20C3,0x18C3,0x20C3,0x18C3,0x20E3,0x2103,0x20E3,0x18A2,0x20C3,0x20E3,
		0x2104,0x20E3,0x20E3,0x20C3,0x2104,0x2104,0x1905,0x18E5,0x1905,0x2126,
		0x2988,0x31EA,0x3A0B,0x4AAE,0x42AE,0x322C,0x29CA,0x2989,0x2967,0x20E5,
		0x41C8,0x5269,0x5ACB,0x424A,0x4AAC,0x320A,0x2967,0x3166,0x72EA,0x7AEA,
		0x5A07,0x51A5,0x6248,0x6A89,0x49C6,0x4185,0x5A68,0x5A07,0x4165,0x51E8,
		0x4166,0x28E3,0x18A2,0x20C3,0x20C3,0x28E3,0x6269,0x6A89,0x4964,0x6ACA,
		0x83AD,0x8BEE,0x9450,0x9C91,0xA4B1,0xA4D2,0xACF3,0xA4B2,0x9C2F,0x8BAD,
		0x8B6B,0x8BAC,0x93EE,0xA470,0xB4F2,0xB4F2,0xA470,0x940E,0x93EE,0xA450,
		0xB4F2,0xB555,0xB576,0x5AED,0x1905,0x1905,0x18E5,0x18C4,0x10C4,0x18E4,
		0x1905,0x1904,0x18E4,0x18C3,0x20C3,0x20C3,0x18A2,0x18C3,0x20E3,0x18C3,
		0x20E3,0x20E3,0x20C3,0x20C3,0x20E3,0x20E3,0x20C3,0x18C2,0x18C2,0x20E3,
		0x20E3,0x18E3,0x20E3,0x20E3,0x2904,0x2125,0x1905,0x18E5,0x1905,0x1905,
		0x2126,0x31EA,0x3A0B,0x426D,0x42AE,0x324D,0x29EA,0x29A9,0x2947,0x2925,
		0x49E8,0x4A29,0x528A,0x424A,0x4AAD,0x320A,0x2967,0x3145,0x6ACA,0x832B,
		0x5A07,0x51C6,0x59E7,0x6AAA,0x5A28,0x4185,0x6269,0x5A28,0x4986,0x5A08,
		0x3925,0x28E3,0x20A3,0x20C3,0x20E3,0x20C3,0x5208,0x7AEB,0x6207,0x6AAA,
		0x8BCE,0x942F,0x9450,0x9C91,0xA4B1,0xA4D2,0xA4F3,0xAD13,0xAD13,0xACF2,
		0xACD2,0xACF2,0xB534,0xC596,0xC5B6,0xBD75,0xAD13,0xA4B2,0xA4D2,0xAD13,
		0xB534,0xB555,0xA535,0x424B,0x1905,0x2105,0x18E5,0x18C4,0x10C4,0x18C4,
		0x18E4,0x1904,0x18E4,0x18A3,0x20C3,0x20C3,0x18A2,0x18C3,0x20C3,0x20C3,
		0x20E3,0x20E3,0x20C3,0x20C3,0x18C3,0x20E3,0x20E3,0x18C2,0x18C2,0x20E3,
		0x18E4,0x18C3,0x18C3,0x20E3,0x2904,0x2924,0x2104,0x18E5,0x1905,0x1905,
		0x1905,0x31A9,0x3A0B,0x3A4D,0x42AE,0x326D,0x29EB,0x29CA,0x2126,0x3987,
		0x5249,0x41C7,0x528A,0x424B,0x4AAD,0x3A2B,0x29A8,0x2925,0x6A89,0x7B0B,
		0x6248,0x51C6,0x51C6,0x6248,0x6AAA,0x49A6,0x5A68,0x6269,0x4986,0x5208,
		0x30E4,0x28E4,0x20A3,0x20C3,0x18C4,0x18C3,0x4A08,0x7289,0x6A48,0x72EB,
		0x83AE,0x8C0F,0x9470,0x9C91,0x9C91,0xA4D2,0xAD34,0xAD34,0xAD14,0xAD13,
		0xAD14,0xB555,0xB576,0xBDB6,0xBDB7,0xB596,0xAD55,0xA514,0xAD34,0xAD35,
		0xAD35,0xA514,0x9493,0x29A8,0x1926,0x1905,0x18E5,0x18E4,0x10C4,0x10C4,
		0x18C4,0x18E4,0x20E4,0x20C3,0x20C3,0x18A2,0x18A2,0x20E3,0x18C3,0x20E3,
		0x20C3,0x20E3,0x20C3,0x18C3,0x18C2,0x20E3,0x20E3,0x18C2,0x18C2,0x20E3,
		0x18E4,0x10A3,0x18A2,0x20E3,0x2904,0x2924,0x20E4,0x18E5,0x1905,0x1905,
		0x18E5,0x2167,0x3A0B,0x3A4C,0x42AE,0x3A6C,0x29EB,0x31CA,0x2126,0x4A29,
		0x41E7,0x3186,0x4A8A,0x424B,0x4ACD,0x3A2B,0x29A8,0x3125,0x6AA9,0x82EA,
		0x6A68,0x59E6,0x51C7,0x51E7,0x72CA,0x51E6,0x5206,0x6A89,0x51C7,0x51E7,
		0x3104,0x20E3,0x18A3,0x20C4,0x20C3,0x20C3,0x49C6,0x6A89,0x4165,0x734D,
		0x83EF,0x8C0F,0x9450,0x9C91,0xA4B2,0xACF3,0xAD14,0xAD34,0xB534,0xB554,
		0xB554,0xB575,0xB596,0xBDB6,0xB5B6,0xB596,0xB596,0xB576,0xB556,0xAD55,
		0xA514,0x9CF3,0x7C11,0x2167,0x1906,0x1905,0x18E5,0x18C4,0x18C4,0x18A3,
		0x10A3,0x18E4,0x18E4,0x20C4,0x20C3,0x18A3,0x18C2,0x18C3,0x20C3,0x20E3,
		0x20E3,0x20C3,0x20C3,0x18A3,0x18A2,0x20C3,0x20E3,0x20C3,0x20C2,0x20C3,
		0x20E3,0x18C3,0x18A3,0x20E3,0x2904,0x2924,0x2104,0x18E4,0x1905,0x18E5,
		0x10E5,0x2147,0x320B,0x3A2C,0x4AAE,0x3A6C,0x29EA,0x29A9,0x31A8,0x526A,
		0x3166,0x31A6,0x4249,0x3A0A,0x4AAD,0x3A2B,0x2988,0x3145,0x7B0B,0x830A,
		0x6A68,0x59E7,0x51E7,0x5A07,0x6A69,0x6A68,0x49C5,0x6AA9,0x5A07,0x49A6,
		0x3124,0x20C3,0x18C3,0x20E4,0x20E4,0x28E3,0x41A6,0x6AAA,0x3124,0x6B0C,
		0x9451,0x9450,0x9450,0x9C71,0x9CB1,0xACF3,0xAD14,0xB534,0xB554,0xB555,
		0xB575,0xB575,0xB596,0xBDB6,0xB596,0xB596,0xB596,0xB576,0xB535,0xAD35,
		0xA4F3,0x9CD3,0x6B8E,0x2126,0x1906,0x1905,0x18E5,0x18E4,0x18C4,0x18A3,
		0x10A3,0x18C4,0x18E4,0x20C4,0x20C3,0x18A3,0x18C2,0x18C3,0x20E3,0x20E3,
		0x20E3,0x20C3,0x20C3,0x20C3,0x20A2,0x20C3,0x28E3,0x20E3,0x20C2,0x20C3,
		0x20E3,0x18C3,0x18A2,0x18C3,0x20E3,0x2924,0x2104,0x18E4,0x18E5,0x18E4,
		0x18E5,0x1906,0x31EA,0x3A2C,0x4ACE,0x3A6C,0x29EA,0x2989,0x4A6B,0x39A7,
		0x2945,0x2965,0x424A,0x39EA,0x4AAD,0x3A4C,0x2988,0x3987,0x832C,0x830A,
		0x6227,0x5A07,0x5A07,0x51C7,0x6228,0x6A88,0x5206,0x72CA,0x5A28,0x4986,
		0x3104,0x18C3,0x18C3,0x20E3,0x2904,0x3124,0x41A7,0x626A,0x3965,0x62AA,
		0x9C71,0x9C71,0x9471,0x9470,0x9C91,0xA4B2,0xA4F3,0xAD34,0xB534,0xB555,
		0xB575,0xB575,0xB596,0xBDB7,0xBDD7,0xBDB7,0xBDB7,0xB596,0xB535,0xA4F4,
		0x94B2,0x8C51,0x52CB,0x1926,0x1926,0x1905,0x1905,0x18E4,0x18C4,0x18A3,
		0x10A3,0x10C4,0x18E4,0x20E4,0x20C4,0x18A3,0x18C2,0x18E3,0x20E4,0x20E4,
		0x20E3,0x20C3,0x20C3,0x20E3,0x20A2,0x20C3,0x28E3,0x20E3,0x20C2,0x20C3,
		0x20E3,0x18C3,0x10A2,0x18A3,0x18C3,0x2124,0x2104,0x18E4,0x18E4,0x18E5,
		0x1905,0x18E6,0x31CA,0x3A2C,0x42AE,0x3A6C,0x29EA,0x3A2A,0x4A6B,0x2925,
		0x2925,0x2966,0x39E9,0x31EA,0x4ACE,0x3A2C,0x2167,0x49E8,0x832B,0x7AEA,
		0x6227,0x5A07,0x59E7,0x4985,0x5A07,0x6227,0x6267,0x72CA,0x51C7,0x4165,
		0x2904,0x18A2,0x18A2,0x20E3,0x2904,0x3145,0x3145,0x5229,0x28E4,0x5249,
		0x9C92,0x9C92,0x9C91,0x9C91,0x9CB1,0xA4B2,0xA4D3,0xACF3,0xAD14,0xB534,
		0xB555,0xB575,0xB596,0xBDB7,0xBDD7,0xBDD7,0xBDB7,0xB575,0xA4F4,0xA4D3,
		0x8C51,0x9492,0x4A6A,0x1926,0x1926,0x1926,0x1905,0x18E4,0x18C4,0x10A3,
		0x18A3,0x10A3,0x18C4,0x20E4,0x20C3,0x18A3,0x18C2,0x18C3,0x20E3,0x20E4,
		0x20E4,0x20C3,0x18C3,0x20E3,0x20C3,0x20C3,0x20E3,0x20C3,0x20C2,0x20C3,
		0x20E3,0x20C3,0x18A3,0x18A3,0x18E4,0x2125,0x2105,0x1905,0x18E4,0x18E4,
		0x1926,0x18E6,0x29CA,0x3A4C,0x42AE,0x3A4C,0x322B,0x424B,0x39C8,0x2925,
		0x2104,0x2946,0x31C8,0x31EA,0x4ACE,0x3A4C,0x2167,0x5229,0x7B0B,0x830A,
		0x6A68,0x5A07,0x5A07,0x49A6,0x6227,0x5A06,0x5A06,0x72EA,0x4985,0x4165,
		0x28E4,0x18A2,0x18A3,0x20C3,0x2925,0x2904,0x2905,0x41E8,0x18A3,0x41E7,
		0x9C91,0x9CB2,0xA4B2,0xA4B2,0x9CB1,0xA4D2,0xA4D3,0xACF3,0xAD14,0xB534,
		0xB555,0xB575,0xB596,0xBDB6,0xBDD7,0xBDB7,0xB596,0xAD34,0x9C93,0x9471,
		0x8C30,0x94B2,0x4229,0x2126,0x1926,0x2126,0x2125,0x18E5,0x18C4,0x18A3,
		0x18A3,0x10C3,0x18C4,0x20E4,0x20C4,0x20C3,0x18C2,0x18C3,0x20E3,0x20E4,
		0x2104,0x20E3,0x20C3,0x20E3,0x20C3,0x20C3,0x20C3,0x20E3,0x20C3,0x20C3,
		0x20E3,0x20C3,0x20C3,0x18C3,0x18E4,0x2126,0x2105,0x1905,0x18E4,0x18E4,
		0x2126,0x10E6,0x2989,0x3A2C,0x428D,0x42AD,0x3A8C,0x3209,0x31A7,0x2966,
		0x20C4,0x2966,0x31A8,0x31C9,0x4AAD,0x3A6C,0x29A8,0x524A,0x7AEB,0x830A,
		0x6A68,0x6227,0x5A08,0x51C6,0x6228,0x5A07,0x5A27,0x6A89,0x4965,0x4165,
		0x28C3,0x18A2,0x18A2,0x2904,0x2904,0x20C4,0x3166,0x39C8,0x18A4,0x3986,
		0x9451,0xA4D2,0xA4D2,0xA4D2,0xA4D2,0xA4D3,0xACF3,0xAD14,0xAD34,0xB534,
		0xB555,0xB575,0xBDB6,0xBDD7,0xBDB6,0xB596,0xAD35,0xA4F3,0x9C72,0x9451,
		0x9491,0x94B2,0x31C7,0x2126,0x1926,0x1926,0x2125,0x1905,0x18E4,0x18C3,
		0x18A3,0x10C4,0x18E4,0x20E4,0x20E4,0x20C3,0x18C3,0x18C3,0x20E4,0x2104,
		0x20E4,0x20E3,0x20E3,0x20E3,0x20C3,0x20C2,0x20C3,0x28E3,0x20E3,0x20C3,
		0x28E3,0x20C3,0x20A3,0x18C3,0x18E5,0x2126,0x1906,0x1905,0x18E5,0x18E4,
		0x2146,0x18E6,0x2168,0x320B,0x428D,0x42CE,0x3A6C,0x31C9,0x31A8,0x2125,
		0x18E4,0x2967,0x2988,0x31C9,0x4AAE,0x3A6D,0x31C9,0x5A6A,0x7AEA,0x830A,
		0x72A9,0x6A68,0x6228,0x51E7,0x6248,0x5A07,0x6268,0x6A68,0x51C6,0x4165,
		0x20C3,0x18A2,0x20E3,0x2904,0x20E4,0x2105,0x39C8,0x39A8,0x18C4,0x3145,
		0x8C10,0xA4D2,0xACF3,0xACF3,0xA4F3,0xA4F3,0xACF3,0xAD14,0xB534,0xB555,
		0xB555,0xB575,0xBDB6,0xBDB7,0xB596,0xAD55,0xA514,0x9CB2,0x9472,0x9CB2,
		0xA534,0x94B3,0x2967,0x2126,0x1926,0x1926,0x1906,0x1905,0x18E5,0x18C4,
		0x18A3,0x18C4,0x20E4,0x20E4,0x20E4,0x20C3,0x18C3,0x18C3,0x20E4,0x2904,
		0x20E3,0x20E4,0x20E4,0x20E3,0x20C3,0x20C2,0x20C3,0x28E3,0x28E3,0x28C3,
		0x28E3,0x20C3,0x20C3,0x18C4,0x2105,0x2126,0x1906,0x18E5,0x18E5,0x18E4,
		0x2126,0x1906,0x2147,0x3A2B,0x42AD,0x42AE,0x3A4C,0x31EA,0x2988,0x1905,
		0x18E5,0x2946,0x2967,0x31C9,0x42CE,0x3A8E,0x39C9,0x628A,0x7B0A,0x836B,
		0x72E9,0x6248,0x6228,0x5A28,0x6268,0x5206,0x6247,0x6268,0x5207,0x3944,
		0x20A2,0x18C3,0x20E4,0x18C4,0x2105,0x2147,0x31A8,0x3187,0x18E5,0x2125,
		0x83EF,0xA4D2,0xAD13,0xAD13,0xA4F3,0xA4F3,0xACF3,0xAD14,0xAD34,0xB535,
		0xB555,0xB576,0xBDB7,0xBDB7,0xB575,0xAD14,0xA4F3,0x9CB2,0x9CB2,0xA514,
		0xB5B7,0x9474,0x2127,0x2127,0x1926,0x1926,0x1906,0x1905,0x18E5,0x18E5,
		0x18C4,0x18C4,0x18E4,0x20E4,0x2104,0x20C4,0x20C4,0x18A3,0x20E3,0x2904,
		0x20E4,0x20E4,0x20E3,0x20C3,0x28C3,0x20C3,0x20C2,0x20E3,0x28E3,0x28C3,
		0x28C3,0x20C3,0x20C3,0x18E4,0x1905,0x1906,0x1906,0x18E4,0x18E4,0x18E4,
		0x2126,0x1906,0x2127,0x320B,0x426D,0x42AE,0x3A4D,0x31EA,0x2126,0x18E5,
		0x18E4,0x2146,0x2967,0x29A9,0x42CF,0x428E,0x420A,0x6AAA,0x7AEA,0x836B,
		0x6AC9,0x6207,0x6228,0x6248,0x5207,0x4184,0x5A07,0x6248,0x5227,0x2903,
		0x20C3,0x18C3,0x18C3,0x20E4,0x2126,0x2167,0x2988,0x2967,0x2105,0x2105,
		0x738E,0xA4B2,0xACF3,0xAD13,0xAD13,0xAD13,0xAD13,0xAD14,0xAD34,0xB555,
		0xB556,0xBD96,0xBDB7,0xBD96,0xAD55,0xA514,0xA4D3,0xA4F3,0xA534,0xB596,
		0xC619,0x7BF2,0x1906,0x2147,0x1906,0x1926,0x1906,0x1906,0x1905,0x18E5,
		0x18C4,0x18E4,0x18C4,0x18C4,0x20E4,0x20E4,0x20C4,0x20C3,0x20C3,0x20E4,
		0x20E4,0x20E4,0x20E4,0x20E4,0x28E3,0x20C2,0x20C3,0x20C3,0x28E3,0x28C3,
		0x28C3,0x20C3,0x20E3,0x20E4,0x1905,0x1906,0x18E6,0x18E4,0x18E4,0x18E4,
		0x2126,0x2126,0x1927,0x29CA,0x426D,0x428E,0x3A4C,0x29A9,0x2126,0x18E5,
		0x18C4,0x2126,0x2167,0x29A9,0x42CF,0x42AE,0x422A,0x72EB,0x832B,0x834B,
		0x6AA9,0x6227,0x6A48,0x6269,0x49C6,0x3964,0x5A27,0x6268,0x49C6,0x20C3,
		0x20E3,0x18C3,0x18A3,0x2105,0x2126,0x2147,0x2168,0x2988,0x2105,0x20E4,
		0x6B4D,0x9CB2,0xACF3,0xAD13,0xAD14,0xAD13,0xAD13,0xAD34,0xB534,0xB555,
		0xBD76,0xBD76,0xB596,0xB575,0xAD35,0xA514,0xA4F4,0xAD35,0xB5B7,0xBDF8,
		0xC63A,0x6B4F,0x2127,0x1926,0x1926,0x1926,0x1906,0x1906,0x1905,0x18E5,
		0x18E5,0x1904,0x18C3,0x18A3,0x20E4,0x20E4,0x20C4,0x20C3,0x20C3,0x20C3,
		0x20E4,0x20E4,0x2104,0x2904,0x28E3,0x20A2,0x20C3,0x20C3,0x28E3,0x30E3,
		0x28C3,0x20E3,0x20E4,0x2104,0x1905,0x1906,0x18E5,0x18E4,0x18E4,0x10C4,
		0x2126,0x2126,0x1927,0x29CA,0x3A4C,0x428D,0x3A4C,0x29A9,0x2126,0x18E4,
		0x18E4,0x2105,0x2147,0x29C9,0x42CE,0x42AE,0x4A6B,0x72EB,0x834C,0x7B0A,
		0x6A88,0x6227,0x6A48,0x6228,0x49A6,0x3944,0x5A27,0x6269,0x3965,0x20C3,
		0x18A3,0x10A3,0x18C4,0x18E5,0x2126,0x2147,0x2988,0x2988,0x2126,0x18E4,
		0x6B0C,0x9CB2,0xAD13,0xAD34,0xAD14,0xAD14,0xAD13,0xAD14,0xB534,0xB555,
		0xBD76,0xB576,0xB575,0xAD54,0xAD14,0xAD14,0xAD35,0xB597,0xBDD8,0xC61A,
		0xC63A,0x52AD,0x1927,0x1926,0x1926,0x1926,0x1906,0x1906,0x1905,0x18E5,
		0x18E5,0x18E4,0x10A3,0x1083,0x20E4,0x20E4,0x20E4,0x20E4,0x18C3,0x18A2,
		0x20E3,0x20E4,0x20E3,0x2904,0x2904,0x20A2,0x18A2,0x20C2,0x28E3,0x30E3,
		0x28C3,0x20E3,0x2104,0x2105,0x1905,0x2106,0x18E5,0x18C4,0x10C4,0x10C4,
		0x1906,0x1906,0x1927,0x29A9,0x3A2C,0x428D,0x3A6D,0x29A9,0x2126,0x18E4,
		0x18E4,0x1905,0x2146,0x29A9,0x42AE,0x42CF,0x4A4B,0x730B,0x7AEA,0x72C9,
		0x6268,0x6247,0x6A68,0x5A07,0x3944,0x3944,0x5A48,0x5A69,0x3124,0x18A2,
		0x10A3,0x10A3,0x18C4,0x18E5,0x1947,0x2168,0x2989,0x2988,0x2126,0x18E4,
		0x5ACB,0x9C92,0xAD13,0xAD34,0xAD34,0xAD34,0xAD13,0xAD14,0xB534,0xB555,
		0xB556,0xB575,0xB574,0xAD54,0xAD34,0xAD55,0xB576,0xBDB8,0xC619,0xC63A,
		0xB5D9,0x422B,0x1926,0x2147,0x1926,0x1926,0x1906,0x1906,0x1905,0x18E5,
		0x18E5,0x18E4,0x10A3,0x1082,0x18A3,0x20E4,0x20E4,0x20E4,0x20E3,0x18A2,
		0x20C3,0x2904,0x20E4,0x20E4,0x2904,0x20C3,0x18A2,0x20A2,0x28C3,0x30E4,
		0x28E3,0x20E3,0x2104,0x2104,0x18E5,0x1906,0x18E5,0x18C4,0x10C4,0x10C4,
		0x18E5,0x1906,0x1927,0x29A9,0x3A2C,0x428D,0x3A6D,0x29A9,0x2126,0x18E5,
		0x18E4,0x1905,0x2126,0x29A9,0x42AE,0x4ACF,0x528C,0x72EB,0x6A88,0x6AA9,
		0x6A89,0x6227,0x6A88,0x51A5,0x30E3,0x3944,0x5A48,0x5A28,0x28C3,0x1082,
		0x10A3,0x10C3,0x18E4,0x1905,0x1947,0x2168,0x29A9,0x29A8,0x2146,0x18C4,
		0x528A,0x9C91,0xAD13,0xB534,0xAD54,0xAD34,0xAD13,0xAD14,0xB534,0xB555,
		0xB555,0xB555,0xAD53,0xAD54,0xB555,0xB596,0xBDB8,0xC5F9,0xC63A,0xBE1A,
		0x9D37,0x31C9,0x1927,0x1946,0x1926,0x1926,0x1906,0x1906,0x1905,0x18E5,
		0x18E5,0x18C3,0x1083,0x1082,0x18A3,0x18C4,0x2904,0x2904,0x2104,0x18A3,
		0x18A3,0x2104,0x2904,0x20E3,0x2904,0x20E3,0x18A2,0x18A2,0x28C3,0x3104,
		0x28E3,0x20E3,0x2104,0x2104,0x18E5,0x1906,0x10E5,0x18C4,0x10C4,0x10C4,
		0x18C5,0x1905,0x1927,0x29A9,0x320B,0x3A6D,0x3A6D,0x29CA,0x1927,0x18E5,
		0x18E5,0x18E5,0x2126,0x29CA,0x42AE,0x4ACF,0x5AAC,0x72CB,0x6A69,0x730A,
		0x72C9,0x6A48,0x6AA9,0x41A5,0x20A2,0x4165,0x6248,0x41A6,0x18A2,0x1082,
		0x10A3,0x10C3,0x10E4,0x1906,0x2147,0x2188,0x29AA,0x2989,0x2148,0x18E5,
		0x4A4A,0x9C92,0xAD13,0xAD34,0xAD54,0xAD34,0xAD14,0xAD14,0xAD34,0xB555,
		0xB555,0xB554,0xAD54,0xAD55,0xB596,0xBDD8,0xC5F9,0xC63A,0xC619,0xBDD9,
		0x8474,0x2168,0x2147,0x2146,0x1926,0x1906,0x1906,0x2105,0x1905,0x18E4,
		0x18E4,0x18A3,0x1082,0x1082,0x10A3,0x18A3,0x20E4,0x2924,0x2924,0x18C3,
		0x18A2,0x20E3,0x2904,0x28E4,0x2903,0x2903,0x20A2,0x1882,0x20A2,0x3104,
		0x3104,0x28E3,0x2904,0x20E4,0x18E4,0x18E5,0x18C5,0x10C4,0x10C3,0x10C3,
		0x10C4,0x18E5,0x1927,0x2989,0x31EB,0x3A6D,0x3A6D,0x29CA,0x1947,0x18E5,
		0x18C4,0x18C5,0x2126,0x29CA,0x428E,0x4ACF,0x5AAC,0x730C,0x6269,0x72CA,
		0x7AEA,0x7289,0x6268,0x3144,0x20E3,0x49A7,0x6269,0x3124,0x1082,0x10A2,
		0x10C3,0x10C4,0x1105,0x1926,0x2167,0x2989,0x29AA,0x298A,0x2148,0x18E5,
		0x4209,0x9C92,0xAD13,0xAD34,0xAD55,0xAD34,0xAD34,0xAD34,0xAD34,0xB534,
		0xB555,0xB554,0xAD55,0xB596,0xB5B7,0xBDF8,0xC63A,0xC65A,0xBDD8,0xAD56,
		0x73B1,0x2147,0x2147,0x2126,0x2106,0x1905,0x1905,0x1905,0x1904,0x18E4,
		0x18E4,0x10A3,0x1082,0x1082,0x10A2,0x10A3,0x20E4,0x2924,0x2945,0x20C3,
		0x1882,0x20C3,0x20E4,0x2904,0x2904,0x3104,0x20A2,0x1881,0x20A2,0x3104,
		0x3924,0x28E3,0x2904,0x20E4,0x18E4,0x18E5,0x18C5,0x10C3,0x10C3,0x10A3,
		0x10C4,0x18E5,0x1926,0x2189,0x31EB,0x3A6D,0x428D,0x29EA,0x2147,0x18E5,
		0x10A4,0x18C5,0x2126,0x29AA,0x3A8E,0x52EF,0x62ED,0x72EB,0x6248,0x6A89,
		0x7AEA,0x72A9,0x5207,0x2903,0x28E3,0x49C7,0x51E7,0x20A2,0x1082,0x10A2,
		0x10C4,0x18E4,0x1905,0x1926,0x2168,0x2989,0x29AA,0x2989,0x2148,0x18E5,
		0x31A8,0x9C92,0xAD14,0xAD34,0xAD55,0xAD34,0xAD34,0xAD34,0xAD34,0xB534,
		0xB534,0xB554,0xB575,0xB5B6,0xBDD8,0xC619,0xC63A,0xBE19,0xB597,0x9CD4,
		0x5B0E,0x2147,0x2147,0x1926,0x18E5,0x18E5,0x18E5,0x18E5,0x2105,0x1905,
		0x18E4,0x10A3,0x1083,0x1083,0x10A3,0x10A3,0x18E4,0x2124,0x3165,0x2904,
		0x18A3,0x18A3,0x20C3,0x20C3,0x3124,0x3124,0x28C3,0x2082,0x20A2,0x3104,
		0x3924,0x30E3,0x2904,0x20E4,0x18E4,0x18E5,0x18C5,0x10C3,0x10C3,0x10A3,
		0x10C4,0x18E4,0x1906,0x2168,0x29CA,0x3A4D,0x3A8D,0x31EB,0x2147,0x18E5,
		0x10A4,0x18C5,0x2126,0x29CA,0x428E,0x52EF,0x6B0E,0x72AA,0x6228,0x6AA9,
		0x7B0A,0x7289,0x49A6,0x20E2,0x2903,0x5228,0x3965,0x1882,0x1082,0x10C3,
		0x10E4,0x1905,0x1926,0x2147,0x2988,0x29A9,0x29A9,0x2989,0x2148,0x18E5,
		0x2967,0x9CB2,0xAD14,0xAD34,0xAD55,0xAD34,0xAD34,0xAD34,0xAD34,0xAD34,
		0xB534,0xB555,0xB576,0xBDB7,0xBDF8,0xC619,0xC619,0xB5B7,0xA515,0x8C73,
		0x52AD,0x2147,0x2147,0x1906,0x18E5,0x18E4,0x18E4,0x1905,0x2105,0x2105,
		0x18E4,0x10A3,0x10A3,0x10A3,0x10A3,0x1083,0x18C4,0x2104,0x3145,0x2925,
		0x20E3,0x18A3,0x20C3,0x20A3,0x3124,0x3124,0x28E3,0x20A2,0x20A2,0x28E3,
		0x3924,0x3103,0x2904,0x18E4,0x18E4,0x18E5,0x18C5,0x10C3,0x10A3,0x10A3,
		0x10C3,0x10C4,0x1905,0x2167,0x29CA,0x3A4C,0x428D,0x320B,0x2147,0x18E5,
		0x18C4,0x18C5,0x2106,0x29A9,0x428D,0x52EF,0x732E,0x6A89,0x6228,0x6A89,
		0x832B,0x6A48,0x4165,0x20A2,0x3965,0x5228,0x28E4,0x1082,0x10A3,0x10C3,
		0x18E5,0x2106,0x2127,0x2168,0x2989,0x2989,0x2989,0x2989,0x2168,0x1906,
		0x2946,0x9472,0xAD34,0xB534,0xB555,0xB534,0xB534,0xB534,0xAD34,0xAD34,
		0xB534,0xB555,0xBD97,0xBDF8,0xC618,0xC618,0xBDD8,0xAD76,0x9CD4,0x8C73,
		0x4A8C,0x2147,0x2147,0x1906,0x18E5,0x18C4,0x1905,0x1905,0x1905,0x1905,
		0x18C4,0x10A3,0x10A3,0x10A3,0x10A3,0x1083,0x10A3,0x2104,0x2945,0x3145,
		0x2924,0x20C3,0x20C3,0x20C3,0x3124,0x3144,0x28E3,0x20A2,0x2082,0x28E3,
		0x3945,0x3103,0x2904,0x18E4,0x18E4,0x18E5,0x18C4,0x10C3,0x10A3,0x10A3,
		0x10A3,0x10C4,0x1905,0x2167,0x29C9,0x322C,0x428D,0x320B,0x2147,0x18E5,
		0x18C4,0x18C5,0x2106,0x29A9,0x426D,0x5B0F,0x734E,0x72AA,0x6248,0x6268,
		0x72C9,0x6207,0x30E3,0x1881,0x41A6,0x41A6,0x1082,0x1082,0x10C3,0x10E4,
		0x18E5,0x2127,0x2148,0x2989,0x2989,0x2168,0x29A9,0x2968,0x2968,0x2126,
		0x2105,0x8C51,0xB534,0xB555,0xB555,0xB534,0xB534,0xB534,0xB534,0xAD34,
		0xB555,0xBD96,0xBDD8,0xC5F9,0xC619,0xBDF8,0xB5B6,0xA535,0x9CD4,0x94B4,
		0x424B,0x2147,0x2147,0x1906,0x18E4,0x18E3,0x2105,0x18E4,0x18E5,0x1906,
		0x18E5,0x10E4,0x18E5,0x1905,0x1905,0x18E5,0x10E4,0x2104,0x2924,0x3145,
		0x3165,0x2904,0x20C3,0x20C3,0x2903,0x3124,0x2903,0x28C3,0x2082,0x28C3,
		0x3945,0x3124,0x2904,0x20E4,0x18E4,0x18C5,0x18C4,0x10C3,0x10A3,0x10A3,
		0x10A3,0x10C3,0x10E5,0x2147,0x29A9,0x322B,0x428D,0x3A2C,0x2147,0x18E5,
		0x18C4,0x18C4,0x1906,0x2989,0x426D,0x5B0F,0x7B4E,0x7AEB,0x6228,0x59E6,
		0x830B,0x51A5,0x28A2,0x20C2,0x41A6,0x28E3,0x1082,0x1083,0x10C4,0x10E5,
		0x18E5,0x2948,0x2989,0x2989,0x2168,0x2168,0x2988,0x2188,0x2188,0x2146,
		0x18E5,0x8410,0xB555,0xB555,0xB555,0xB534,0xB534,0xAD34,0xB534,0xB555,
		0xBD76,0xBDB7,0xBDF8,0xBDF8,0xBDD8,0xB596,0xAD76,0xA535,0x9CF5,0x9CF5,
		0x3A0A,0x2147,0x2127,0x1926,0x1905,0x2105,0x18E4,0x18C4,0x18E5,0x1905,
		0x18E5,0x18E5,0x1905,0x1926,0x1926,0x18E5,0x1905,0x2126,0x2105,0x2925,
		0x3165,0x2945,0x20E3,0x20E3,0x28E3,0x3144,0x3124,0x28E3,0x20A2,0x28C3,
		0x3944,0x3924,0x2904,0x2104,0x18E4,0x18C4,0x18C4,0x10C3,0x10A3,0x10A3,
		0x10A2,0x10A3,0x10E4,0x1946,0x29A9,0x320B,0x428D,0x3A4C,0x2168,0x18E5,
		0x18C4,0x18C4,0x1906,0x21AA,0x426C,0x6B2E,0x7B2D,0x7B0B,0x51C6,0x5A07,
		0x832B,0x4165,0x2082,0x3124,0x3945,0x1882,0x1082,0x10A3,0x18C4,0x18E5,
		0x18E5,0x2168,0x29A8,0x2168,0x2147,0x2147,0x2988,0x29EA,0x21A9,0x1947,
		0x18E5,0x7BCF,0xB575,0xB555,0xB555,0xB534,0xB534,0xAD34,0xAD35,0xB555,
		0xB597,0xBDD7,0xB5D7,0xB5D7,0xB597,0xAD76,0xB576,0xAD56,0xA557,0x94D6,
		0x31A9,0x2127,0x1926,0x1926,0x1906,0x2146,0x1905,0x18E5,0x1905,0x18E5,
		0x1905,0x18E5,0x1906,0x1926,0x1905,0x18C5,0x18E5,0x18E5,0x1905,0x2125,
		0x2104,0x2945,0x2923,0x20E3,0x20E3,0x3145,0x2924,0x20E3,0x20C3,0x20C3,
		0x3944,0x3923,0x3103,0x28E3,0x2104,0x18C4,0x18C4,0x10C3,0x10A3,0x1083,
		0x10A3,0x10A3,0x10C4,0x1926,0x29A9,0x31EA,0x3A6D,0x3A4C,0x2168,0x18E5,
		0x10A4,0x10C4,0x1906,0x218A,0x4A8C,0x734E,0x834D,0x7B0B,0x4124,0x6248,
		0x7B0B,0x4165,0x28C3,0x3966,0x28A3,0x1882,0x1882,0x1883,0x20C4,0x20E5,
		0x20E6,0x2147,0x2988,0x2988,0x2967,0x2147,0x2167,0x29CA,0x21AA,0x2168,
		0x1905,0x6B4E,0xB575,0xB555,0xB555,0xAD34,0xAD34,0xAD34,0xAD55,0xB576,
		0xB597,0xBDB7,0xB5B7,0xBDD7,0xBDB7,0xB597,0xB597,0xB597,0xADB9,0x94D6,
		0x2968,0x2127,0x1926,0x1926,0x1906,0x2126,0x1905,0x18E5,0x18E5,0x18E5,
		0x1905,0x1905,0x1906,0x1907,0x1906,0x20E4,0x20E2,0x20E2,0x20E3,0x2904,
		0x28E4,0x20C3,0x2904,0x2904,0x20E3,0x2924,0x2904,0x20C3,0x20C3,0x20A2,
		0x3944,0x3923,0x3103,0x2904,0x2104,0x18E4,0x10C4,0x10C3,0x10A3,0x1083,
		0x10A3,0x10A3,0x10A4,0x1906,0x29A9,0x29CA,0x3A6D,0x3A6D,0x2988,0x18E5,
		0x10A4,0x10A4,0x1906,0x2989,0x528C,0x7B4E,0x834C,0x7289,0x4124,0x72CA,
		0x830B,0x4145,0x3104,0x3104,0x2082,0x1862,0x1862,0x20A4,0x30E5,0x3106,
		0x2906,0x2927,0x2968,0x2147,0x2147,0x2147,0x2168,0x29CA,0x29AA,0x2188,
		0x1905,0x62EC,0xB576,0xB555,0xB555,0xAD34,0xAD34,0xB535,0xB555,0xB576,
		0xB597,0xBDD7,0xBDF7,0xBDD7,0xBDB7,0xB597,0xB598,0xBDB9,0xBE3B,0x8CB5,
		0x2147,0x2147,0x1926,0x1926,0x1906,0x1905,0x1905,0x18E5,0x18E5,0x10C4,
		0x1905,0x1904,0x1926,0x1907,0x2106,0x28E3,0x6AE7,0x6AC7,0x49A4,0x4984,
		0x3943,0x28C2,0x28C3,0x3145,0x28E3,0x2904,0x2904,0x18A2,0x20C3,0x20C3,
		0x3923,0x3944,0x3103,0x2904,0x18C3,0x18E4,0x18E4,0x10A3,0x10A3,0x1083,
		0x10A3,0x10A3,0x10A4,0x1906,0x29A9,0x29CA,0x3A4D,0x426D,0x29A9,0x18E5,
		0x10A3,0x10A4,0x1905,0x2988,0x5AAC,0x8B8E,0x834C,0x6207,0x4144,0x830B,
		0x7AEA,0x3924,0x3104,0x30E4,0x2082,0x2861,0x40A1,0x6164,0x71E6,0x79E7,
		0x69A5,0x69C6,0x3967,0x2127,0x2148,0x2168,0x21A9,0x29CA,0x29CA,0x2188,
		0x1905,0x526A,0xB555,0xB555,0xB534,0xAD34,0xB555,0xBD76,0xBD96,0xBDB7,
		0xBDB7,0xBDD7,0xBDD7,0xBDB7,0xB577,0xAD77,0xB5B8,0xC61B,0xCE9D,0x7C13,
		0x1927,0x2127,0x1926,0x1926,0x1906,0x2126,0x1905,0x1905,0x18E5,0x10A4,
		0x1905,0x1904,0x1926,0x1907,0x2106,0x28E3,0x6AE7,0x7B27,0x72C7,0x5A45,
		0x49C4,0x3963,0x18A1,0x2924,0x2924,0x2903,0x2924,0x1882,0x1882,0x20C3,
		0x3103,0x3944,0x3124,0x2924,0x18C3,0x18C4,0x18E4,0x10A3,0x10A3,0x1083,
		0x10A3,0x10A3,0x10A3,0x1906,0x29A9,0x29CA,0x3A4C,0x428D,0x29C9,0x18E5,
		0x10A3,0x10A4,0x1905,0x3188,0x62CC,0x8B8E,0x8B2B,0x5185,0x51A6,0x832B,
		0x7289,0x3903,0x3124,0x28C3,0x28A3,0x38E3,0x5924,0x6964,0x7144,0x7124,
		0x79A6,0x6945,0x3946,0x2127,0x2989,0x21AA,0x29CA,0x31CA,0x29CA,0x2188,
		0x1905,0x4208,0xB535,0xB534,0xB535,0xB575,0xBD75,0xBD96,0xBDB7,0xBDB7,
		0xBDB7,0xBDB7,0xBD96,0xB596,0xB577,0xB598,0xC61B,0xCE9D,0xCEBD,0x5B0F,
		0x1927,0x1927,0x1926,0x1926,0x1906,0x2126,0x1905,0x1905,0x18E5,0x10A4,
		0x1905,0x1905,0x1926,0x1907,0x1906,0x2104,0x2902,0x3102,0x3922,0x3963,
		0x41C5,0x2943,0x18C2,0x20E3,0x2904,0x2904,0x2924,0x18A2,0x1882,0x20A2,
		0x30E3,0x3944,0x3944,0x3124,0x18C3,0x18C4,0x18C4,0x10A3,0x1083,0x0882,
		0x10A3,0x10A3,0x10A3,0x1906,0x29C9,0x29A9,0x322C,0x428E,0x31EA,0x18E5,
		0x10A3,0x10A3,0x18E5,0x3988,0x730D,0x93AE,0x82EA,0x4944,0x6207,0x8B4C,
		0x6A68,0x3924,0x28E3,0x2082,0x2082,0x3082,0x40A3,0x5904,0x6924,0x6924,
		0x7185,0x6145,0x4167,0x2969,0x29AA,0x21CA,0x21CA,0x29CA,0x2989,0x2168,
		0x1905,0x3186,0xA4F3,0xB555,0xB555,0xBD95,0xBD96,0xBDB6,0xBDB7,0xBDB7,
		0xB597,0xBD96,0xBD76,0xB576,0xB5B8,0xBDFA,0xCE7C,0xCE9D,0xBE1B,0x422B,
		0x2127,0x1927,0x1926,0x1926,0x1906,0x2126,0x1905,0x1905,0x18E5,0x10A4,
		0x2126,0x2126,0x1906,0x1926,0x1906,0x1906,0x18C5,0x18A4,0x18A4,0x1883,
		0x20E4,0x18E4,0x18C4,0x18C3,0x20E3,0x2924,0x2924,0x20A2,0x1882,0x1882,
		0x30E3,0x3923,0x3965,0x3145,0x18C3,0x18C4,0x18C4,0x10A3,0x0882,0x0882,
		0x10A3,0x10A3,0x10A3,0x1926,0x29C9,0x29CA,0x320C,0x428E,0x320B,0x1126,
		0x10A3,0x20A2,0x4965,0x7A48,0x9B6C,0x9B6C,0x7289,0x4944,0x6228,0x72CA,
		0x6248,0x3924,0x28A3,0x2862,0x3881,0x50E3,0x7924,0x9A06,0xA226,0xAA47,
		0xB2A8,0xA248,0x6A0A,0x3989,0x31CA,0x29EA,0x21CA,0x2189,0x2168,0x2168,
		0x1906,0x2125,0x94B3,0xB575,0xB595,0xBD96,0xBDB6,0xBDB6,0xBDB7,0xBDB7,
		0xBDB7,0xBD97,0xB596,0xB5B7,0xBDF9,0xC65B,0xCEBD,0xCE9D,0x9D16,0x31C9,
		0x2147,0x1927,0x1926,0x1906,0x1906,0x1906,0x1905,0x1905,0x10C5,0x10A4,
		0x2126,0x2126,0x1906,0x1905,0x1905,0x1906,0x18C5,0x18C5,0x18C4,0x18C4,
		0x18E4,0x18C4,0x10A3,0x1083,0x18C3,0x2924,0x2904,0x20A3,0x20A2,0x18A2,
		0x28E3,0x3924,0x4165,0x3124,0x20C3,0x18A3,0x18C4,0x1083,0x0882,0x1083,
		0x10A3,0x10A3,0x08A3,0x1926,0x29C9,0x29CA,0x31EC,0x428E,0x324C,0x1947,
		0x10A3,0x30A2,0x69A5,0x8A48,0xAB8C,0x934B,0x61E6,0x4965,0x6248,0x6A69,
		0x5207,0x28E3,0x2082,0x3082,0x48C2,0x50E2,0x5945,0x6165,0x69A5,0x61A5,
		0x69E7,0x5946,0x4968,0x39A9,0x31CA,0x29EA,0x21A9,0x2168,0x2168,0x2168,
		0x1926,0x18E5,0x8411,0xB596,0xB595,0xBDB6,0xBDB6,0xBDB6,0xBDB6,0xB596,
		0xB597,0xB597,0xBDB7,0xBDF9,0xC65B,0xCEBC,0xD6DD,0xBE3A,0x7BF1,0x2167,
		0x1927,0x1927,0x1927,0x1906,0x1905,0x1905,0x1906,0x1905,0x10C4,0x10A4,
		0x2126,0x1905,0x1905,0x1905,0x18E5,0x1905,0x18E5,0x18E4,0x10C3,0x10C3,
		0x18C4,0x10C3,0x10A3,0x0882,0x10C3,0x2124,0x2904,0x28C3,0x20A3,0x1882,
		0x28E4,0x3104,0x4165,0x3924,0x20C3,0x18A3,0x18E4,0x0882,0x0882,0x10A3,
		0x10A3,0x10A3,0x08A3,0x1946,0x31EA,0x29CA,0x31EB,0x428E,0x3A6D,0x2167,
		0x20C4,0x4104,0x48E3,0x7227,0x934C,0x8B4B,0x5185,0x51A5,0x5A07,0x5A07,
		0x49A6,0x20A2,0x20A2,0x30C2,0x4102,0x59C4,0x72C8,0x8BAB,0x93EC,0x942E,
		0x838D,0x3105,0x2906,0x31A9,0x31EA,0x21CA,0x1968,0x2168,0x2948,0x2147,
		0x1926,0x18E5,0x7BF0,0xB596,0xB595,0xBD96,0xBDB6,0xBDB6,0xBDB6,0xBDB6,
		0xBDB7,0xBDB7,0xBDF8,0xCE5A,0xCE9C,0xD6DD,0xCE7B,0xA556,0x5B0D,0x2147,
		0x1947,0x1927,0x1927,0x1906,0x18E5,0x18E5,0x1906,0x1906,0x10A4,0x18C5,
		0x1906,0x18E5,0x18E5,0x1905,0x18E5,0x18E5,0x10C4,0x10C4,0x10C3,0x10C3,
		0x10C3,0x10A3,0x10A3,0x1082,0x10A2,0x2104,0x28E4,0x28C3,0x20A3,0x1882,
		0x2904,0x3904,0x4185,0x3924,0x20E3,0x18C3,0x18E4,0x0882,0x0882,0x10A3,
		0x18C4,0x10A3,0x0883,0x1946,0x31EA,0x29CA,0x31EB,0x426D,0x428D,0x2989,
		0x3126,0x4945,0x5145,0x7268,0x9BAD,0x7AEA,0x4985,0x5A07,0x49A5,0x49A5,
		0x3965,0x20C2,0x3123,0x49E6,0x6AE9,0x8BCB,0x944B,0x83A9,0x7368,0x7BCB,
		0x632A,0x2944,0x1905,0x29A9,0x29EA,0x2189,0x2168,0x2968,0x2968,0x2147,
		0x1926,0x18E5,0x8431,0xB596,0xB595,0xBD96,0xBDB6,0xBDB6,0xBDB6,0xBDB7,
		0xBDB7,0xC5D8,0xC639,0xCE7B,0xD6BC,0xCE9C,0xB5B8,0x8C52,0x52AC,0x2147,
		0x1927,0x1927,0x1927,0x1906,0x18E5,0x18E5,0x1906,0x1905,0x10A4,0x18E5,
		0x1906,0x18E5,0x1905,0x1905,0x1905,0x18E5,0x10C4,0x10C4,0x10C3,0x10C3,
		0x10C3,0x10A3,0x10A3,0x10A3,0x1082,0x20E3,0x28E4,0x20A3,0x20C3,0x1882,
		0x2904,0x3924,0x4185,0x3944,0x2904,0x18C3,0x18E4,0x0882,0x0882,0x10A3,
		0x18E4,0x10A3,0x08A3,0x1946,0x320A,0x29CA,0x29EB,0x3A6D,0x4AAE,0x31CA,
		0x20C5,0x30A3,0x4104,0x6A88,0x9C0E,0x7289,0x51A5,0x5A07,0x3924,0x41A6,
		0x2904,0x20C2,0x2923,0x2943,0x3143,0x3984,0x31A5,0x2165,0x29A6,0x2167,
		0x1947,0x1948,0x1926,0x21A8,0x29C9,0x2169,0x2169,0x2968,0x2968,0x2147,
		0x1906,0x18E5,0x8C72,0xB596,0xB595,0xBDB6,0xBDB6,0xBDB6,0xBDB6,0xBDB7,
		0xBDD7,0xC5F8,0xCE5A,0xCE9B,0xCE9C,0xC61A,0xA4F5,0x83F0,0x52CC,0x2127,
		0x2147,0x1927,0x1926,0x1906,0x1906,0x18E5,0x1906,0x18C5,0x10A4,0x18E5,
		0x1906,0x18E5,0x1905,0x1905,0x1905,0x1905,0x18E5,0x10C4,0x10C3,0x18C4,
		0x10C3,0x10A3,0x10A3,0x10A3,0x1082,0x18C3,0x2904,0x20A3,0x20A3,0x1882,
		0x3104,0x3924,0x4165,0x3124,0x3124,0x18E4,0x1904,0x1083,0x1083,0x1083,
		0x2105,0x10A3,0x0883,0x2146,0x320A,0x29CA,0x29EB,0x3A4D,0x4AAE,0x31EA,
		0x20E5,0x20C3,0x3924,0x7AEA,0xA3EE,0x7248,0x51A6,0x51A6,0x28E3,0x3985,
		0x20E3,0x18A2,0x10A2,0x10A2,0x10C3,0x18E4,0x2947,0x2968,0x2989,0x2989,
		0x2148,0x2128,0x1926,0x1967,0x29A9,0x2169,0x2189,0x2188,0x2188,0x2147,
		0x1906,0x18E5,0x9492,0xB576,0xB595,0xB595,0xB596,0xBDB6,0xBDB6,0xBDD7,
		0xC5F8,0xC619,0xCE5A,0xCE7B,0xC65A,0xB597,0x9472,0x8C31,0x5AED,0x1926,
		0x1947,0x1927,0x1926,0x1906,0x1906,0x18E5,0x18E5,0x10C5,0x10A4,0x18E5,
		0x1906,0x18E5,0x1905,0x1905,0x1905,0x1905,0x18E5,0x10C4,0x10C3,0x18C4,
		0x10C3,0x10A3,0x10A3,0x10A3,0x10A2,0x18A3,0x28E4,0x20A3,0x20A3,0x18A3,
		0x2904,0x3104,0x3944,0x28E3,0x2904,0x20E4,0x1904,0x10A3,0x1083,0x0882,
		0x2105,0x10C3,0x0883,0x2146,0x3A0B,0x29CA,0x29CB,0x3A2C,0x4AAE,0x3A2B,
		0x1906,0x2104,0x3965,0x938C,0x9BCD,0x6A27,0x4965,0x4165,0x28C3,0x3165,
		0x20C3,0x18A2,0x10A2,0x10C3,0x18E5,0x1926,0x2148,0x2989,0x2989,0x2969,
		0x2147,0x2126,0x1906,0x1926,0x29A9,0x2189,0x2189,0x2188,0x2168,0x2147,
		0x1906,0x18E5,0x8C72,0xB596,0xB575,0xB595,0xB595,0xB596,0xBDB6,0xC5D7,
		0xC618,0xCE39,0xCE7B,0xCE7B,0xBE19,0xA515,0x9451,0x9C72,0x5ACD,0x1926,
		0x1927,0x1927,0x1926,0x1906,0x1906,0x18E5,0x18E5,0x10C4,0x10C4,0x18E5,
		0x1906,0x18E5,0x1905,0x1905,0x1905,0x1905,0x18E5,0x10C4,0x10C4,0x18C4,
		0x10C3,0x10C3,0x10C3,0x10C3,0x10A2,0x10A2,0x20E3,0x20C3,0x18A3,0x18A2,
		0x28E3,0x3104,0x3924,0x20A2,0x20E4,0x2104,0x18E4,0x10A3,0x0882,0x0882,
		0x18E4,0x18E4,0x0883,0x2147,0x3A2B,0x29CB,0x31CB,0x3A4C,0x4ACF,0x3A8D,
		0x2147,0x2925,0x4185,0xA3ED,0x938C,0x51A6,0x4144,0x3104,0x20C3,0x3144,
		0x18C2,0x10A2,0x18A3,0x18C4,0x18E5,0x2127,0x2189,0x29A9,0x2989,0x2168,
		0x2147,0x1927,0x18E5,0x1905,0x2988,0x2968,0x2148,0x2168,0x2169,0x2147,
		0x1906,0x18E5,0x8C51,0xB596,0xB575,0xB575,0xB575,0xB596,0xBDB6,0xC5D7,
		0xCE19,0xCE39,0xCE59,0xCE19,0xB576,0x9CB3,0x9472,0x9472,0x4A8C,0x1926,
		0x1926,0x1926,0x1906,0x1906,0x1906,0x1905,0x1905,0x10C3,0x10C4,0x18E5,
		0x1906,0x18E5,0x1905,0x1905,0x1905,0x18E5,0x18E5,0x10C4,0x18C4,0x18E4,
		0x18E4,0x10C4,0x10A3,0x10A3,0x10A3,0x10A3,0x18C3,0x20E3,0x18A2,0x1882,
		0x28C3,0x3103,0x3124,0x18A3,0x18C3,0x2105,0x1905,0x1082,0x0882,0x0882,
		0x10A3,0x18E4,0x08A4,0x2147,0x3A2C,0x31CB,0x29AA,0x3A4C,0x4ACF,0x428E,
		0x29A9,0x2905,0x41A6,0xA40E,0x830A,0x4944,0x4144,0x20A2,0x2903,0x2924,
		0x1081,0x1082,0x18A3,0x18E5,0x1906,0x2148,0x29AA,0x29CA,0x29A9,0x2168,
		0x2147,0x1927,0x18E5,0x18E5,0x2968,0x2147,0x2148,0x2189,0x2989,0x2147,
		0x1906,0x18E4,0x8431,0xB596,0xB575,0xB575,0xAD55,0xB575,0xB596,0xBDD7,
		0xC618,0xC618,0xC5F8,0xBDB7,0xAD15,0x9CB3,0x9493,0x9493,0x4A6B,0x1926,
		0x1926,0x1926,0x1906,0x1906,0x1906,0x18E5,0x18E4,0x10A3,0x10C4,0x18E5,
		0x1906,0x18E5,0x1905,0x1905,0x1905,0x18E5,0x18E5,0x10C4,0x18C4,0x18E4,
		0x18E4,0x10C4,0x10A4,0x10C4,0x10A3,0x1082,0x10A2,0x20E3,0x18A2,0x18A2,
		0x20C2,0x2903,0x3124,0x18C3,0x18A3,0x18E4,0x2125,0x10A3,0x0882,0x10A2,
		0x1082,0x10C3,0x10C4,0x2167,0x3A4C,0x31EB,0x31CA,0x3A2C,0x4ACF,0x42AE,
		0x31C9,0x2925,0x62A9,0xA42E,0x7268,0x3903,0x3924,0x2082,0x3144,0x20E3,
		0x10A2,0x10A3,0x18C4,0x1905,0x2106,0x2168,0x29CA,0x29CA,0x29A9,0x2168,
		0x2147,0x1927,0x1905,0x10C5,0x2167,0x2147,0x2168,0x29AA,0x29AA,0x2147,
		0x18E6,0x18C4,0x8431,0xB5B6,0xB595,0xB575,0xB575,0xB575,0xB596,0xBDD7,
		0xC5F8,0xC5F8,0xBDD7,0xB576,0xA4F4,0x9CB3,0x9CD4,0x9CB3,0x4A6B,0x1926,
		0x1926,0x1926,0x1926,0x1906,0x1906,0x1905,0x18E4,0x08A3,0x10C4,0x18E5,
		0x1906,0x18E5,0x1905,0x1905,0x1905,0x18E5,0x18E5,0x10C4,0x18C4,0x18E4,
		0x18E4,0x18C4,0x10C4,0x10C4,0x10A3,0x1082,0x1082,0x18C3,0x18C2,0x20A2,
		0x20C2,0x28E3,0x2924,0x18C3,0x10A3,0x18E4,0x2105,0x10C3,0x10A2,0x0882,
		0x10A2,0x1083,0x10A4,0x2168,0x424C,0x31EB,0x29AA,0x320B,0x42AE,0x4ACF,
		0x31EA,0x39C8,0x836D,0xA3ED,0x6A27,0x4123,0x30E3,0x20C2,0x2924,0x20E3,
		0x10A2,0x10A3,0x18E4,0x1906,0x2127,0x2988,0x29CA,0x29CA,0x29A9,0x2168,
		0x2147,0x1926,0x18E5,0x18E5,0x2147,0x2168,0x2168,0x29CA,0x29A9,0x2127,
		0x18E6,0x18C4,0x7BF0,0xB5B6,0xB595,0xB575,0xB575,0xB596,0xB596,0xBDB7,
		0xBDD8,0xBDD7,0xBDB7,0xAD35,0x9CD3,0x9CD4,0xA4F4,0x9CB3,0x422A,0x1906,
		0x1927,0x1926,0x1906,0x1906,0x1906,0x18E5,0x10E4,0x0883,0x10C4,0x18E5,
		0x1906,0x18E5,0x1905,0x1905,0x1905,0x18E5,0x18E5,0x18E4,0x18E4,0x18E4,
		0x18E4,0x10C4,0x10C4,0x10C4,0x10A3,0x10A2,0x1082,0x18A2,0x18C2,0x20C3,
		0x20C2,0x20C2,0x2904,0x20C3,0x10A3,0x18C4,0x18E4,0x10C3,0x10A2,0x0882,
		0x1082,0x0882,0x0883,0x2188,0x426D,0x31EB,0x29AA,0x31EB,0x428E,0x4ACF,
		0x424B,0x526A,0x6ACA,0x9BCC,0x59C5,0x4124,0x30C2,0x20C2,0x20C3,0x18C3,
		0x10A3,0x18C3,0x18E5,0x1906,0x2127,0x2989,0x31EA,0x29CA,0x29A9,0x2168,
		0x2147,0x1926,0x18E5,0x18C5,0x1926,0x2988,0x2969,0x29AA,0x2189,0x1927,
		0x18E6,0x10C4,0x73AF,0xB596,0xB596,0xB575,0xB575,0xB596,0xB596,0xBDB7,
		0xBDD7,0xBDB7,0xB576,0xAD15,0x9CD4,0xA4D4,0xA4D4,0x9472,0x3A0A,0x1906,
		0x1926,0x1926,0x1906,0x1906,0x1906,0x18E5,0x10C4,0x0883,0x10C4,0x18E5,
		0x1906,0x18E5,0x1905,0x1905,0x1905,0x18E5,0x18E5,0x18E4,0x18E4,0x18E4,
		0x18E4,0x18C4,0x18C4,0x18C4,0x10A3,0x10A3,0x1082,0x18A2,0x18A2,0x20C2,
		0x20C2,0x20C2,0x2904,0x20E3,0x1083,0x18C4,0x18E4,0x10A2,0x0882,0x0882,
		0x1082,0x0882,0x0863,0x2147,0x426D,0x31EB,0x29AA,0x31EB,0x3A6E,0x4AEF,
		0x4AAD,0x39A7,0x62A9,0x936B,0x59A5,0x4123,0x30C3,0x28C2,0x20C2,0x18E3,
		0x18C3,0x18E4,0x1905,0x1926,0x2148,0x29AA,0x31EB,0x29CA,0x29A9,0x2168,
		0x2147,0x1926,0x18E5,0x10C5,0x1906,0x2988,0x2989,0x29AA,0x2168,0x1906,
		0x18E5,0x10C4,0x6B4D,0xAD55,0xB575,0xB575,0xB575,0xB596,0xB596,0xB596,
		0xBDB7,0xB596,0xAD55,0xA4F4,0xA4D4,0xA4F4,0x9CB3,0x8C52,0x39E9,0x1906,
		0x1926,0x1926,0x1906,0x1906,0x1906,0x18E5,0x10A3,0x0883,0x10C4,0x18E5,
		0x1906,0x18E5,0x1905,0x1905,0x1905,0x18E5,0x18E5,0x18E4,0x18E4,0x18E4,
		0x18E4,0x18E4,0x18E4,0x18E4,0x18C3,0x10A3,0x1082,0x1082,0x18A2,0x20A2,
		0x20A2,0x20C2,0x2904,0x20E4,0x1083,0x18C4,0x18E4,0x0882,0x0882,0x0882,


};

extern const uint16_t Jin_image[100*150];
